旧等级ID,旧等级名称,对应组别ID,对应组别名称,对应新服务等级ID,对应新服务等级名称,对应新服务人返利系数
1,主站_平台_主站客户-01,1,主站_平台_主站客户,2,02,0.1
3,主站_平台_交易机构-01,3,主站_平台_交易机构,1,01,0
4,盈华财富_平台_平台客户-01,4,盈华财富_平台_平台客户,2,02,0.1
6,联合财富_平台_平台客户-01,6,联合财富_平台_平台客户,2,02,0.1
7,网信白泽_资金渠道_外部菁英（武汉）-23,7,网信白泽_资金渠道_外部菁英（武汉）,2,02,0.1
16,盈华财富_资金渠道_内部专职（盈华）-04,11,盈华财富_资金渠道_内部专职（盈华）,8,08,1
17,联合财富_资金渠道_普通员工-04,145,联合财富_资金渠道_普通员工,8,08,1
19,主站_资金渠道_普通员工-01,13,主站_资金渠道_普通员工,4,04,0.25
24,联合兑换_资金渠道_内部专职-04,14,联合兑换_资金渠道_内部专职,8,08,1
28,网信白泽_资金渠道_外部菁英（济南）-02,15,网信白泽_资金渠道_外部菁英（济南）,8,08,1
29,主站_平台_第三方渠道CPA（空白组可用）-01,20,主站_平台_第三方渠道CPA（空白组可用）,1,01,0
30,网信白泽_资金渠道_外部菁英（济南）-11,15,网信白泽_资金渠道_外部菁英（济南）,5,05,0.5
31,第一房贷_资金渠道_分站平台（独立经济人）-03,22,第一房贷_资金渠道_分站平台（独立经济人）,6,06,0.75
33,存管测试白名单组-01,23,存管测试白名单组,8,08,1
34,主站_平台_第三方渠道CPA（空白组可用）-01,20,主站_平台_第三方渠道CPA（空白组可用）,1,01,0
35,主站_平台_第三方渠道CPA（空白组可用）-01,20,主站_平台_第三方渠道CPA（空白组可用）,1,01,0
36,主站_平台_第三方渠道CPA（空白组可用）-01,20,主站_平台_第三方渠道CPA（空白组可用）,1,01,0
37,主站_平台_第三方渠道CPA（空白组可用）-01,20,主站_平台_第三方渠道CPA（空白组可用）,1,01,0
17088,网信白泽_资金渠道_普通员工1-37,24,网信白泽_资金渠道_普通员工1,8,08,1
22421,联合黄金_资金渠道_内部专职（终止合作）-04,25,联合黄金_资金渠道_内部专职（终止合作）,8,08,1
23693,网信白泽_资金渠道_外部菁英（济南）-26,15,网信白泽_资金渠道_外部菁英（济南）,1,01,0
24221,联合宜汇_资金渠道_内部专职（终止合作）-04,26,联合宜汇_资金渠道_内部专职（终止合作）,8,08,1
31160,网信白泽_资金渠道_普通员工1-1,24,网信白泽_资金渠道_普通员工1,8,08,1
32649,第一车贷_平台_分站客户（撤站）-01,21,第一车贷_平台_分站客户（撤站）,2,02,0.1
35037,盈华财富_资金渠道_内部专职（盈华）-04,11,盈华财富_资金渠道_内部专职（盈华）,5,05,0.5
35038,联合财富_资金渠道_普通员工-04,145,联合财富_资金渠道_普通员工,5,05,0.5
45238,第一房贷_资金渠道_分站平台（独立经济人）-01,22,第一房贷_资金渠道_分站平台（独立经济人）,4,04,0.25
45425,Griffin Plutus Family Office_资金渠道_内部专职（终止合作）-04,28,Griffin Plutus Family Office_资金渠道_内部专职（终止合作）,8,08,1
99645,网信白泽_资金渠道_外部渠道（武汉-存量）-02,30,网信白泽_资金渠道_外部渠道（武汉-存量）,8,08,1
118016,主站_平台_交易机构（中新小贷）-01,31,主站_平台_交易机构（中新小贷）,1,01,0
127092,联合中瑞_资金渠道_内部专职（中瑞）（终止合作）-04,32,联合中瑞_资金渠道_内部专职（中瑞）（终止合作）,8,08,1
138162,第一房贷_资金渠道_外部渠道（财富公司）-04,33,第一房贷_资金渠道_外部渠道（财富公司）,6,06,0.75
170157,主站_平台_精英用户-01,35,主站_平台_精英用户,4,04,0.25
170788,主站_平台_A轮股东代表-01,36,主站_平台_A轮股东代表,5,05,0.5
214511,联合常春藤_资金渠道_内部专职（终止合作）-05,37,联合常春藤_资金渠道_内部专职（终止合作）,8,08,1
214512,第一车贷_资金渠道_内部专职（终止合作）-04,38,第一车贷_资金渠道_内部专职（终止合作）,8,08,1
262683,岱宗会_资金渠道_内部专职（终止合作）-04,43,岱宗会_资金渠道_内部专职（终止合作）,8,08,1
265015,典当联盟_平台_分站客户-01,29,典当联盟_平台_分站客户,2,02,0.1
265016,浙江甬贷_平台_分站客户（撤站）-01,47,浙江甬贷_平台_分站客户（撤站）,2,02,0.1
265017,艺值财富_租上租_平台_分站客户-23,46,艺值财富_租上租_平台_分站客户,2,02,0.1
265018,e收贷_平台_分站客户（撤站）-01,45,e收贷_平台_分站客户（撤站）,2,02,0.1
265019,第一房贷_资金渠道_外部菁英（分站客户）-01,44,第一房贷_资金渠道_外部菁英（分站客户）,2,02,0.1
265020,沈阳贷_平台_分站客户（撤站）-01,42,沈阳贷_平台_分站客户（撤站）,2,02,0.1
265021,弘达北方_大连贷_平台_分站客户-01,41,弘达北方_大连贷_平台_分站客户,2,02,0.1
265022,艺值财富_天津贷_平台_分站客户-23,40,艺值财富_天津贷_平台_分站客户,2,02,0.1
265023,岱宗会_平台_分站客户（撤站）-01,39,岱宗会_平台_分站客户（撤站）,2,02,0.1
267733,典当联盟_资金渠道_内部专职-04,48,典当联盟_资金渠道_内部专职,8,08,1
271515,e收贷_资金渠道_内部专职（终止合作）-04,50,e收贷_资金渠道_内部专职（终止合作）,8,08,1
272651,荣信汇_平台_分站客户-01,52,荣信汇_平台_分站客户,2,02,0.1
273471,第一房贷_资金渠道_分站平台（独立经济人）-04,22,第一房贷_资金渠道_分站平台（独立经济人）,8,08,1
311275,弘达北方_沈阳贷_资金渠道_内部专职-04,55,弘达北方_沈阳贷_资金渠道_内部专职,8,08,1
311277,弘达北方_天津贷_资金渠道_内部专职-04,57,弘达北方_天津贷_资金渠道_内部专职,8,08,1
311279,弘达北方_大连贷_资金渠道_内部专职-04,59,弘达北方_大连贷_资金渠道_内部专职,8,08,1
311284,荣信汇_资金渠道_内部专职-04,65,荣信汇_资金渠道_内部专职,8,08,1
311287,网信白泽_资金渠道_外部菁英（西安）-02,68,网信白泽_资金渠道_外部菁英（西安）,8,08,1
437444,联合智信_资金渠道_外部菁英（终止合作）-05,73,联合智信_资金渠道_外部菁英（终止合作）,8,08,1
453701,弘达北方_租上租_资金渠道_普通员工-04,84,弘达北方_租上租_资金渠道_普通员工,8,08,1
464316,艺金融_资金渠道_内部专职-04,85,艺金融_资金渠道_内部专职,8,08,1
470159,艺值财富_平台_分站客户-23,96,艺值财富_平台_分站客户,2,02,0.1
470160,艺金融_资金渠道_普通员工-01,139,艺金融_资金渠道_普通员工,4,04,0.25
470161,艺金融_资金渠道_外部菁英（兼职）-05,140,艺金融_资金渠道_外部菁英（兼职）,8,08,1
470162,艺值财富_村银贷_平台_分站客户-23,86,艺值财富_村银贷_平台_分站客户,2,02,0.1
470163,村银贷_资金渠道_普通员工（终止合作）-01,155,村银贷_资金渠道_普通员工（终止合作）,4,04,0.25
470164,村银贷_资金渠道_普通员工（终止合作）-04,155,村银贷_资金渠道_普通员工（终止合作）,8,08,1
470165,村银贷_资金渠道_内部专职（终止合作）-04,87,村银贷_资金渠道_内部专职（终止合作）,8,08,1
470166,东莞贷_平台_分站客户（撤站）-01,88,东莞贷_平台_分站客户（撤站）,2,02,0.1
470421,东莞贷_资金渠道_普通员工（终止合作）-01,157,东莞贷_资金渠道_普通员工（终止合作）,4,04,0.25
470422,东莞贷_资金渠道_普通员工（终止合作）-04,157,东莞贷_资金渠道_普通员工（终止合作）,8,08,1
470423,东莞贷_资金渠道_内部专职（终止合作）-04,89,东莞贷_资金渠道_内部专职（终止合作）,8,08,1
470424,晋信贷_平台_分站客户（撤站）-01,90,晋信贷_平台_分站客户（撤站）,2,02,0.1
470425,网信白泽_资金渠道_外部渠道（济南-存量）-02,159,网信白泽_资金渠道_外部渠道（济南-存量）,8,08,1
470680,网信白泽_资金渠道_外部渠道（济南-存量）-26,159,网信白泽_资金渠道_外部渠道（济南-存量）,1,01,0
470681,网信白泽_资金渠道_外部渠道（大连-存量）-26,91,网信白泽_资金渠道_外部渠道（大连-存量）,1,01,0
470682,第一房贷_上海贷_平台_分站客户-01,92,第一房贷_上海贷_平台_分站客户,2,02,0.1
470683,第一房贷_上海贷_资金渠道_普通员工-01,132,第一房贷_上海贷_资金渠道_普通员工,2,02,0.1
470684,第一房贷_上海贷_资金渠道_外部菁英（上海贷-兼职）-05,133,第一房贷_上海贷_资金渠道_外部菁英（上海贷-兼职）,8,08,1
470812,第一房贷_上海贷_资金渠道_内部专职（众利财富-专职）-04,93,第一房贷_上海贷_资金渠道_内部专职（众利财富-专职）,8,08,1
470940,产融贷_平台_分站客户-01,94,产融贷_平台_分站客户,2,02,0.1
471068,产融贷(产融北分)_资金渠道_普通员工（终止合作）-01,135,产融贷(产融北分)_资金渠道_普通员工（终止合作）,4,04,0.25
471069,产融贷(产融北分)_资金渠道_外部菁英（终止合作）-05,137,产融贷(产融北分)_资金渠道_外部菁英（终止合作）,8,08,1
471070,产融贷(产融北分)_资金渠道_内部专职（终止合作）-04,136,产融贷(产融北分)_资金渠道_内部专职（终止合作）,8,08,1
533367,网信财富_资金渠道_内部专职（终止合作）-04,98,网信财富_资金渠道_内部专职（终止合作）,8,08,1
533495,凤凰文化_资金渠道_外部菁英（终止合作）-05,99,凤凰文化_资金渠道_外部菁英（终止合作）,8,08,1
533623,弘达财富_资金渠道_内部专职（弘达）-04,100,弘达财富_资金渠道_内部专职（弘达）,8,08,1
552547,主站_资金渠道_普通员工-02,13,主站_资金渠道_普通员工,8,08,1
558136,e收贷_资金渠道_普通员工（终止合作）-01,118,e收贷_资金渠道_普通员工（终止合作）,4,04,0.25
558137,第一车贷_资金渠道_外部菁英（终止合作）-05,122,第一车贷_资金渠道_外部菁英（终止合作）,8,08,1
558265,荣信汇_资金渠道_普通员工-01,153,荣信汇_资金渠道_普通员工,4,04,0.25
597001,网信白泽_资金渠道_外部菁英（宁波）-02,101,网信白泽_资金渠道_外部菁英（宁波）,8,08,1
648691,润歌国际_资金渠道_内部专职（终止合作）-04,102,润歌国际_资金渠道_内部专职（终止合作）,8,08,1
661265,财富精英_资金渠道_内部专职（终止合作）-04,103,财富精英_资金渠道_内部专职（终止合作）,8,08,1
669013,弘达北方_大连贷_资金渠道_普通员工-04,147,弘达北方_大连贷_资金渠道_普通员工,8,08,1
669141,典当联盟_资金渠道_普通员工-04,151,典当联盟_资金渠道_普通员工,8,08,1
828527,AA租车_资金渠道_普通员工（终止合作）-04,104,AA租车_资金渠道_普通员工（终止合作）,8,08,1
843514,产融贷(产融北分)_资金渠道_外部菁英（资金账户）（终止合作）-01,95,产融贷(产融北分)_资金渠道_外部菁英（资金账户）（终止合作）,2,02,0.1
1101326,宜投基金_资金渠道_内部专职（终止合作）-04,106,宜投基金_资金渠道_内部专职（终止合作）,8,08,1
1172001,内蒙古开元_资金渠道_内部专职（终止合作）-04,107,内蒙古开元_资金渠道_内部专职（终止合作）,8,08,1
1387267,网信白泽_资金渠道_普通员工1-03,24,网信白泽_资金渠道_普通员工1,8,08,1
1387268,网信白泽_资金渠道_普通员工1-2,24,网信白泽_资金渠道_普通员工1,8,08,1
1387396,主站_平台_精英用户-02,35,主站_平台_精英用户,5,05,0.5
1387397,主站_平台_精英用户-03,35,主站_平台_精英用户,6,06,0.75
1387398,主站_平台_精英用户-04,35,主站_平台_精英用户,8,08,1
1484935,网信白泽_资金渠道_外部渠道（武汉-存量）-11,30,网信白泽_资金渠道_外部渠道（武汉-存量）,5,05,0.5
1484936,网信白泽_资金渠道_外部渠道（武汉-存量）-23,30,网信白泽_资金渠道_外部渠道（武汉-存量）,2,02,0.1
1484937,网信白泽_资金渠道_外部渠道（武汉-存量）-26,30,网信白泽_资金渠道_外部渠道（武汉-存量）,1,01,0
1484938,网信白泽_资金渠道_外部渠道（西安-存量）-02,108,网信白泽_资金渠道_外部渠道（西安-存量）,8,08,1
1484939,网信白泽_资金渠道_外部渠道（西安-存量）-11,108,网信白泽_资金渠道_外部渠道（西安-存量）,5,05,0.5
1484940,网信白泽_资金渠道_外部渠道（西安-存量）-23,108,网信白泽_资金渠道_外部渠道（西安-存量）,2,02,0.1
1484941,网信白泽_资金渠道_外部渠道（西安-存量）-26,108,网信白泽_资金渠道_外部渠道（西安-存量）,1,01,0
1484942,浙江甬贷_资金渠道_外部菁英（终止合作）-01,109,浙江甬贷_资金渠道_外部菁英（终止合作）,2,02,0.1
1484943,浙江甬贷_资金渠道_外部菁英（终止合作）-02,109,浙江甬贷_资金渠道_外部菁英（终止合作）,4,04,0.25
1484944,浙江甬贷_资金渠道_外部菁英（终止合作）-03,109,浙江甬贷_资金渠道_外部菁英（终止合作）,5,05,0.5
1484945,浙江甬贷_资金渠道_外部菁英（终止合作）-04,109,浙江甬贷_资金渠道_外部菁英（终止合作）,6,06,0.75
1484946,浙江甬贷_资金渠道_外部菁英（终止合作）-05,109,浙江甬贷_资金渠道_外部菁英（终止合作）,8,08,1
1484947,浙江甬贷_资金渠道_外部渠道（终止合作）-01,110,浙江甬贷_资金渠道_外部渠道（终止合作）,2,02,0.1
1484948,浙江甬贷_资金渠道_外部渠道（终止合作）-02,110,浙江甬贷_资金渠道_外部渠道（终止合作）,4,04,0.25
1484949,浙江甬贷_资金渠道_外部渠道（终止合作）-03,110,浙江甬贷_资金渠道_外部渠道（终止合作）,5,05,0.5
1484950,浙江甬贷_资金渠道_外部渠道（终止合作）-04,110,浙江甬贷_资金渠道_外部渠道（终止合作）,6,06,0.75
1484951,浙江甬贷_资金渠道_外部渠道（终止合作）-05,110,浙江甬贷_资金渠道_外部渠道（终止合作）,8,08,1
1499303,弘达北方_租上租_资金渠道_内部专职-04,114,弘达北方_租上租_资金渠道_内部专职,8,08,1
1499304,弘达北方_租上租_资金渠道_内部专职-03,114,弘达北方_租上租_资金渠道_内部专职,6,06,0.75
1499305,弘达北方_租上租_资金渠道_内部专职-02,114,弘达北方_租上租_资金渠道_内部专职,5,05,0.5
1499306,弘达北方_租上租_资金渠道_内部专职-01,114,弘达北方_租上租_资金渠道_内部专职,4,04,0.25
1499307,弘达北方_租上租_资金渠道_普通员工-01,84,弘达北方_租上租_资金渠道_普通员工,4,04,0.25
1499308,弘达北方_租上租_资金渠道_普通员工-02,84,弘达北方_租上租_资金渠道_普通员工,5,05,0.5
1499817,弘达北方_租上租_资金渠道_普通员工-03,84,弘达北方_租上租_资金渠道_普通员工,6,06,0.75
1499945,弘达北方_租上租_资金渠道_普通员工-作废,84,弘达北方_租上租_资金渠道_普通员工,8,08,1
1499946,网信白泽_资金渠道_外部菁英（沈阳）-23,112,网信白泽_资金渠道_外部菁英（沈阳）,2,02,0.1
1499947,网信白泽_资金渠道_外部菁英（沈阳）-26,112,网信白泽_资金渠道_外部菁英（沈阳）,1,01,0
1499948,网信白泽_资金渠道_外部菁英（沈阳）-11,112,网信白泽_资金渠道_外部菁英（沈阳）,5,05,0.5
1499949,网信白泽_资金渠道_外部菁英（沈阳）-04,112,网信白泽_资金渠道_外部菁英（沈阳）,6,06,0.75
1499950,网信白泽_资金渠道_外部菁英（沈阳）-02,112,网信白泽_资金渠道_外部菁英（沈阳）,8,08,1
1499951,网信理财_开放平台_弘达推荐-01,113,网信理财_开放平台_弘达推荐,2,02,0.1
1499952,网信理财_开放平台_弘达推荐-02,113,网信理财_开放平台_弘达推荐,4,04,0.25
1499953,网信理财_开放平台_弘达推荐-03,113,网信理财_开放平台_弘达推荐,5,05,0.5
1499954,网信理财_开放平台_弘达推荐-04,113,网信理财_开放平台_弘达推荐,6,06,0.75
1499955,网信理财_开放平台_弘达推荐-05,113,网信理财_开放平台_弘达推荐,8,08,1
1518147,岱宗会_资金渠道_内部专职（终止合作）-01,43,岱宗会_资金渠道_内部专职（终止合作）,4,04,0.25
1518148,岱宗会_资金渠道_内部专职（终止合作）-02,43,岱宗会_资金渠道_内部专职（终止合作）,5,05,0.5
1518149,岱宗会_资金渠道_内部专职（终止合作）-03,43,岱宗会_资金渠道_内部专职（终止合作）,6,06,0.75
1518150,岱宗会_资金渠道_普通员工（终止合作）-01,115,岱宗会_资金渠道_普通员工（终止合作）,4,04,0.25
1518151,岱宗会_资金渠道_普通员工（终止合作）-02,115,岱宗会_资金渠道_普通员工（终止合作）,5,05,0.5
1518152,岱宗会_资金渠道_普通员工（终止合作）-03,115,岱宗会_资金渠道_普通员工（终止合作）,6,06,0.75
1518153,岱宗会_资金渠道_普通员工（终止合作）-04,115,岱宗会_资金渠道_普通员工（终止合作）,8,08,1
1518154,岱宗会_资金渠道_外部菁英（终止合作）-01,116,岱宗会_资金渠道_外部菁英（终止合作）,2,02,0.1
1518155,岱宗会_资金渠道_外部菁英（终止合作）-02,116,岱宗会_资金渠道_外部菁英（终止合作）,4,04,0.25
1518156,岱宗会_资金渠道_外部菁英（终止合作）-03,116,岱宗会_资金渠道_外部菁英（终止合作）,5,05,0.5
1518157,岱宗会_资金渠道_外部菁英（终止合作）-04,116,岱宗会_资金渠道_外部菁英（终止合作）,6,06,0.75
1518158,岱宗会_资金渠道_外部菁英（终止合作）-05,116,岱宗会_资金渠道_外部菁英（终止合作）,8,08,1
1518159,岱宗会_资金渠道_外部渠道（终止合作）-01,117,岱宗会_资金渠道_外部渠道（终止合作）,2,02,0.1
1518160,岱宗会_资金渠道_外部渠道（终止合作）-02,117,岱宗会_资金渠道_外部渠道（终止合作）,4,04,0.25
1518161,岱宗会_资金渠道_外部渠道（终止合作）-03,117,岱宗会_资金渠道_外部渠道（终止合作）,5,05,0.5
1518162,岱宗会_资金渠道_外部渠道（终止合作）-04,117,岱宗会_资金渠道_外部渠道（终止合作）,6,06,0.75
1518163,岱宗会_资金渠道_外部渠道（终止合作）-05,117,岱宗会_资金渠道_外部渠道（终止合作）,8,08,1
1518291,e收贷_资金渠道_普通员工（终止合作）-02,118,e收贷_资金渠道_普通员工（终止合作）,5,05,0.5
1518292,e收贷_资金渠道_普通员工（终止合作）-03,118,e收贷_资金渠道_普通员工（终止合作）,6,06,0.75
1518293,e收贷_资金渠道_普通员工（终止合作）-04,118,e收贷_资金渠道_普通员工（终止合作）,8,08,1
1518294,e收贷_资金渠道_内部专职（终止合作）-01,50,e收贷_资金渠道_内部专职（终止合作）,4,04,0.25
1518295,e收贷_资金渠道_内部专职（终止合作）-02,50,e收贷_资金渠道_内部专职（终止合作）,5,05,0.5
1518296,e收贷_资金渠道_内部专职（终止合作）-03,50,e收贷_资金渠道_内部专职（终止合作）,6,06,0.75
1518297,e收贷_资金渠道_外部渠道（成都）（终止合作）-01,120,e收贷_资金渠道_外部渠道（成都）（终止合作）,2,02,0.1
1518298,e收贷_资金渠道_外部渠道（成都）（终止合作）-02,120,e收贷_资金渠道_外部渠道（成都）（终止合作）,4,04,0.25
1518299,e收贷_资金渠道_外部渠道（成都）（终止合作）-03,120,e收贷_资金渠道_外部渠道（成都）（终止合作）,5,05,0.5
1518300,e收贷_资金渠道_外部渠道（成都）（终止合作）-04,120,e收贷_资金渠道_外部渠道（成都）（终止合作）,6,06,0.75
1518301,e收贷_资金渠道_外部渠道（成都）（终止合作）-05,120,e收贷_资金渠道_外部渠道（成都）（终止合作）,5,05,0.5
1518302,e收贷_资金渠道_外部菁英（终止合作）-01,119,e收贷_资金渠道_外部菁英（终止合作）,2,02,0.1
1518303,e收贷_资金渠道_外部菁英（终止合作）-02,119,e收贷_资金渠道_外部菁英（终止合作）,4,04,0.25
1518304,e收贷_资金渠道_外部菁英（终止合作）-03,119,e收贷_资金渠道_外部菁英（终止合作）,5,05,0.5
1518305,e收贷_资金渠道_外部菁英（终止合作）-04,119,e收贷_资金渠道_外部菁英（终止合作）,6,06,0.75
1518306,e收贷_资金渠道_外部菁英（终止合作）-05,119,e收贷_资金渠道_外部菁英（终止合作）,8,08,1
1533677,第一车贷_资金渠道_外部菁英（终止合作）-01,122,第一车贷_资金渠道_外部菁英（终止合作）,2,02,0.1
1533678,第一车贷_资金渠道_外部菁英（终止合作）-02,122,第一车贷_资金渠道_外部菁英（终止合作）,4,04,0.25
1533679,第一车贷_资金渠道_外部菁英（终止合作）-03,122,第一车贷_资金渠道_外部菁英（终止合作）,5,05,0.5
1533680,第一车贷_资金渠道_外部菁英（终止合作）-04,122,第一车贷_资金渠道_外部菁英（终止合作）,6,06,0.75
1533681,第一车贷_资金渠道_内部专职（终止合作）-01,38,第一车贷_资金渠道_内部专职（终止合作）,4,04,0.25
1533682,第一车贷_资金渠道_内部专职（终止合作）-02,38,第一车贷_资金渠道_内部专职（终止合作）,5,05,0.5
1533683,第一车贷_资金渠道_内部专职（终止合作）-03,38,第一车贷_资金渠道_内部专职（终止合作）,6,06,0.75
1533684,第一车贷_资金渠道_外部渠道（终止合作）-01,124,第一车贷_资金渠道_外部渠道（终止合作）,2,02,0.1
1533685,第一车贷_资金渠道_外部渠道（终止合作）-02,124,第一车贷_资金渠道_外部渠道（终止合作）,4,04,0.25
1533686,第一车贷_资金渠道_外部渠道（终止合作）-03,124,第一车贷_资金渠道_外部渠道（终止合作）,5,05,0.5
1533687,第一车贷_资金渠道_外部渠道（终止合作）-04,124,第一车贷_资金渠道_外部渠道（终止合作）,6,06,0.75
1533688,第一车贷_资金渠道_外部渠道（终止合作）-05,124,第一车贷_资金渠道_外部渠道（终止合作）,8,08,1
1533689,第一车贷_资金渠道_普通员工（终止合作）-01,123,第一车贷_资金渠道_普通员工（终止合作）,4,04,0.25
1533690,第一车贷_资金渠道_普通员工（终止合作）-02,123,第一车贷_资金渠道_普通员工（终止合作）,5,05,0.5
1533691,第一车贷_资金渠道_普通员工（终止合作）-03,123,第一车贷_资金渠道_普通员工（终止合作）,6,06,0.75
1533692,第一车贷_资金渠道_普通员工（终止合作）-04,123,第一车贷_资金渠道_普通员工（终止合作）,8,08,1
1539790,第一房贷_资金渠道_外部渠道（财富公司）-01,33,第一房贷_资金渠道_外部渠道（财富公司）,2,02,0.1
1539791,第一房贷_资金渠道_外部渠道（财富公司）-02,33,第一房贷_资金渠道_外部渠道（财富公司）,4,04,0.25
1539792,第一房贷_资金渠道_外部渠道（财富公司）-03,33,第一房贷_资金渠道_外部渠道（财富公司）,5,05,0.5
1539793,第一房贷_资金渠道_外部渠道（财富公司）-05,33,第一房贷_资金渠道_外部渠道（财富公司）,8,08,1
1541324,第一房贷_资金渠道_普通员工（后台员工）-01,126,第一房贷_资金渠道_普通员工（后台员工）,4,04,0.25
1541325,第一房贷_资金渠道_普通员工（后台员工）-02,126,第一房贷_资金渠道_普通员工（后台员工）,5,05,0.5
1541326,第一房贷_资金渠道_普通员工（后台员工）-03,126,第一房贷_资金渠道_普通员工（后台员工）,6,06,0.75
1541327,第一房贷_资金渠道_普通员工（后台员工）-04,126,第一房贷_资金渠道_普通员工（后台员工）,8,08,1
1541328,第一房贷_资金渠道_分站平台（独立经济人）-02,22,第一房贷_资金渠道_分站平台（独立经济人）,2,02,0.1
1543114,第一房贷_资金渠道_外部菁英（财富团队发展兼职）-01,127,第一房贷_资金渠道_外部菁英（财富团队发展兼职）,2,02,0.1
1543115,第一房贷_资金渠道_外部菁英（财富团队发展兼职）-02,127,第一房贷_资金渠道_外部菁英（财富团队发展兼职）,4,04,0.25
1543116,第一房贷_资金渠道_外部菁英（财富团队发展兼职）-03,127,第一房贷_资金渠道_外部菁英（财富团队发展兼职）,5,05,0.5
1543117,第一房贷_资金渠道_外部菁英（财富团队发展兼职）-04,127,第一房贷_资金渠道_外部菁英（财富团队发展兼职）,6,06,0.75
1543118,第一房贷_资金渠道_外部菁英（财富团队发展兼职）-05,127,第一房贷_资金渠道_外部菁英（财富团队发展兼职）,8,08,1
1544390,弘达北方_天津贷_资金渠道_内部专职-01,57,弘达北方_天津贷_资金渠道_内部专职,4,04,0.25
1544391,弘达北方_天津贷_资金渠道_内部专职-02,57,弘达北方_天津贷_资金渠道_内部专职,5,05,0.5
1544392,弘达北方_天津贷_资金渠道_内部专职-03,57,弘达北方_天津贷_资金渠道_内部专职,6,06,0.75
1544393,弘达北方_天津贷_资金渠道_普通员工-01,128,弘达北方_天津贷_资金渠道_普通员工,4,04,0.25
1544394,弘达北方_天津贷_资金渠道_普通员工-02,128,弘达北方_天津贷_资金渠道_普通员工,5,05,0.5
1544395,弘达北方_天津贷_资金渠道_普通员工-03,128,弘达北方_天津贷_资金渠道_普通员工,6,06,0.75
1544396,弘达北方_天津贷_资金渠道_普通员工-04,128,弘达北方_天津贷_资金渠道_普通员工,8,08,1
1544397,天津贷_资金渠道_外部菁英（作废）-01,129,天津贷_资金渠道_外部菁英（作废）,2,02,0.1
1544398,天津贷_资金渠道_外部菁英（作废）-02,129,天津贷_资金渠道_外部菁英（作废）,4,04,0.25
1544399,天津贷_资金渠道_外部菁英（作废）-03,129,天津贷_资金渠道_外部菁英（作废）,5,05,0.5
1544400,天津贷_资金渠道_外部菁英（作废）-04,129,天津贷_资金渠道_外部菁英（作废）,6,06,0.75
1544401,天津贷_资金渠道_外部菁英（作废）-05,129,天津贷_资金渠道_外部菁英（作废）,8,08,1
1544402,天津贷_资金渠道_外部渠道（作废）-01,130,天津贷_资金渠道_外部渠道（作废）,2,02,0.1
1544403,天津贷_资金渠道_外部渠道（作废）-02,130,天津贷_资金渠道_外部渠道（作废）,4,04,0.25
1544404,天津贷_资金渠道_外部渠道（作废）-03,130,天津贷_资金渠道_外部渠道（作废）,5,05,0.5
1544405,天津贷_资金渠道_外部渠道（作废）-04,130,天津贷_资金渠道_外部渠道（作废）,6,06,0.75
1544406,天津贷_资金渠道_外部渠道（作废）-05,130,天津贷_资金渠道_外部渠道（作废）,8,08,1
1552170,主站_平台_百年城用户-01,131,主站_平台_百年城用户,2,02,0.1
1582246,第一房贷_上海贷_资金渠道_普通员工-02,132,第一房贷_上海贷_资金渠道_普通员工,5,05,0.5
1582247,第一房贷_上海贷_资金渠道_普通员工-03,132,第一房贷_上海贷_资金渠道_普通员工,6,06,0.75
1582248,第一房贷_上海贷_资金渠道_普通员工-04,132,第一房贷_上海贷_资金渠道_普通员工,8,08,1
1582249,第一房贷_上海贷_资金渠道_内部专职（众利财富-专职）-01,93,第一房贷_上海贷_资金渠道_内部专职（众利财富-专职）,4,04,0.25
1583139,第一房贷_上海贷_资金渠道_内部专职（众利财富-专职）-02,93,第一房贷_上海贷_资金渠道_内部专职（众利财富-专职）,5,05,0.5
1583140,第一房贷_上海贷_资金渠道_内部专职（众利财富-专职）-03,93,第一房贷_上海贷_资金渠道_内部专职（众利财富-专职）,6,06,0.75
1583141,第一房贷_上海贷_资金渠道_外部菁英（上海贷-兼职）-01,133,第一房贷_上海贷_资金渠道_外部菁英（上海贷-兼职）,2,02,0.1
1583142,第一房贷_上海贷_资金渠道_外部菁英（上海贷-兼职）-02,133,第一房贷_上海贷_资金渠道_外部菁英（上海贷-兼职）,4,04,0.25
1583143,第一房贷_上海贷_资金渠道_外部菁英（上海贷-兼职）-03,133,第一房贷_上海贷_资金渠道_外部菁英（上海贷-兼职）,5,05,0.5
1583144,第一房贷_上海贷_资金渠道_外部菁英（上海贷-兼职）-04,133,第一房贷_上海贷_资金渠道_外部菁英（上海贷-兼职）,6,06,0.75
1583145,第一房贷_上海贷_资金渠道_外部渠道（同联地产VIP）-01,134,第一房贷_上海贷_资金渠道_外部渠道（同联地产VIP）,2,02,0.1
1583146,第一房贷_上海贷_资金渠道_外部渠道（同联地产VIP）-02,134,第一房贷_上海贷_资金渠道_外部渠道（同联地产VIP）,4,04,0.25
1583147,第一房贷_上海贷_资金渠道_外部渠道（同联地产VIP）-03,134,第一房贷_上海贷_资金渠道_外部渠道（同联地产VIP）,5,05,0.5
1583148,第一房贷_上海贷_资金渠道_外部渠道（同联地产VIP）-04,134,第一房贷_上海贷_资金渠道_外部渠道（同联地产VIP）,6,06,0.75
1583404,第一房贷_上海贷_资金渠道_外部渠道（同联地产VIP）-05,134,第一房贷_上海贷_资金渠道_外部渠道（同联地产VIP）,10,10,2
1583660,产融贷(产融北分)_资金渠道_普通员工（终止合作）-02,135,产融贷(产融北分)_资金渠道_普通员工（终止合作）,5,05,0.5
1583661,产融贷(产融北分)_资金渠道_普通员工（终止合作）-03,135,产融贷(产融北分)_资金渠道_普通员工（终止合作）,6,06,0.75
1583662,产融贷(产融北分)_资金渠道_普通员工（终止合作）-04,135,产融贷(产融北分)_资金渠道_普通员工（终止合作）,8,08,1
1583663,产融贷(产融北分)_资金渠道_内部专职（终止合作）-01,136,产融贷(产融北分)_资金渠道_内部专职（终止合作）,4,04,0.25
1583664,产融贷(产融北分)_资金渠道_内部专职（终止合作）-02,136,产融贷(产融北分)_资金渠道_内部专职（终止合作）,5,05,0.5
1583665,产融贷(产融北分)_资金渠道_内部专职（终止合作）-03,136,产融贷(产融北分)_资金渠道_内部专职（终止合作）,6,06,0.75
1583666,产融贷(产融北分)_资金渠道_外部菁英（终止合作）-01,137,产融贷(产融北分)_资金渠道_外部菁英（终止合作）,2,02,0.1
1583667,产融贷(产融北分)_资金渠道_外部菁英（终止合作）-02,137,产融贷(产融北分)_资金渠道_外部菁英（终止合作）,4,04,0.25
1583668,产融贷(产融北分)_资金渠道_外部菁英（终止合作）-03,137,产融贷(产融北分)_资金渠道_外部菁英（终止合作）,5,05,0.5
1583669,产融贷(产融北分)_资金渠道_外部菁英（终止合作）-04,137,产融贷(产融北分)_资金渠道_外部菁英（终止合作）,6,06,0.75
1583670,产融贷(产融北分)_资金渠道_外部渠道（终止合作）-01,138,产融贷(产融北分)_资金渠道_外部渠道（终止合作）,2,02,0.1
1583671,产融贷(产融北分)_资金渠道_外部渠道（终止合作）-02,138,产融贷(产融北分)_资金渠道_外部渠道（终止合作）,4,04,0.25
1583672,产融贷(产融北分)_资金渠道_外部渠道（终止合作）-03,138,产融贷(产融北分)_资金渠道_外部渠道（终止合作）,5,05,0.5
1583673,产融贷(产融北分)_资金渠道_外部渠道（终止合作）-04,138,产融贷(产融北分)_资金渠道_外部渠道（终止合作）,6,06,0.75
1583674,产融贷(产融北分)_资金渠道_外部渠道（终止合作）-05,138,产融贷(产融北分)_资金渠道_外部渠道（终止合作）,8,08,1
1583675,艺金融_资金渠道_内部专职-01,85,艺金融_资金渠道_内部专职,4,04,0.25
1583676,艺金融_资金渠道_内部专职-02,85,艺金融_资金渠道_内部专职,5,05,0.5
1583677,艺金融_资金渠道_内部专职-03,85,艺金融_资金渠道_内部专职,6,06,0.75
1583678,艺金融_资金渠道_普通员工-02,139,艺金融_资金渠道_普通员工,5,05,0.5
1583679,艺金融_资金渠道_普通员工-03,139,艺金融_资金渠道_普通员工,6,06,0.75
1583680,艺金融_资金渠道_普通员工-04,139,艺金融_资金渠道_普通员工,8,08,1
1583681,艺金融_资金渠道_外部菁英（兼职）-01,140,艺金融_资金渠道_外部菁英（兼职）,2,02,0.1
1583682,艺金融_资金渠道_外部菁英（兼职）-02,140,艺金融_资金渠道_外部菁英（兼职）,4,04,0.25
1583683,艺金融_资金渠道_外部菁英（兼职）-03,140,艺金融_资金渠道_外部菁英（兼职）,5,05,0.5
1583684,艺金融_资金渠道_外部菁英（兼职）-04,140,艺金融_资金渠道_外部菁英（兼职）,6,06,0.75
1583685,艺金融_资金渠道_外部渠道-01,141,艺金融_资金渠道_外部渠道,2,02,0.1
1583686,艺金融_资金渠道_外部渠道-02,141,艺金融_资金渠道_外部渠道,4,04,0.25
1583687,艺金融_资金渠道_外部渠道-03,141,艺金融_资金渠道_外部渠道,5,05,0.5
1583688,艺金融_资金渠道_外部渠道-04,141,艺金融_资金渠道_外部渠道,6,06,0.75
1583689,艺金融_资金渠道_外部渠道-05,141,艺金融_资金渠道_外部渠道,1,01,0
1583690,盈华财富_资金渠道_外部菁英-01,142,盈华财富_资金渠道_外部菁英,2,02,0.1
1583691,盈华财富_资金渠道_外部菁英-02,142,盈华财富_资金渠道_外部菁英,4,04,0.25
1583692,盈华财富_资金渠道_外部菁英-03,142,盈华财富_资金渠道_外部菁英,5,05,0.5
1583693,盈华财富_资金渠道_外部菁英-04,142,盈华财富_资金渠道_外部菁英,6,06,0.75
1583694,盈华财富_资金渠道_外部菁英-05,142,盈华财富_资金渠道_外部菁英,8,08,1
1583695,联合兑换_资金渠道_普通员工-01,143,联合兑换_资金渠道_普通员工,4,04,0.25
1583696,联合兑换_资金渠道_普通员工-02,143,联合兑换_资金渠道_普通员工,5,05,0.5
1583697,联合兑换_资金渠道_普通员工-03,143,联合兑换_资金渠道_普通员工,6,06,0.75
1583698,联合兑换_资金渠道_普通员工-04,143,联合兑换_资金渠道_普通员工,8,08,1
1583699,联合兑换_资金渠道_内部专职-01,14,联合兑换_资金渠道_内部专职,4,04,0.25
1583700,联合兑换_资金渠道_内部专职-02,14,联合兑换_资金渠道_内部专职,5,05,0.5
1583701,联合兑换_资金渠道_内部专职-03,14,联合兑换_资金渠道_内部专职,6,06,0.75
1583702,联合财富_资金渠道_内部专职（内部专职）-01,12,联合财富_资金渠道_内部专职（内部专职）,4,04,0.25
1583703,联合财富_资金渠道_内部专职（内部专职）-02,12,联合财富_资金渠道_内部专职（内部专职）,5,05,0.5
1583704,联合财富_资金渠道_内部专职（内部专职）-03,12,联合财富_资金渠道_内部专职（内部专职）,6,06,0.75
1583705,联合财富_资金渠道_外部菁英（拟入职专职）-01,146,联合财富_资金渠道_外部菁英（拟入职专职）,8,08,1
1690429,弘达北方_大连贷_资金渠道_外部菁英-05,148,弘达北方_大连贷_资金渠道_外部菁英,8,08,1
1781121,弘达北方_沈阳贷_资金渠道_普通员工-04,149,弘达北方_沈阳贷_资金渠道_普通员工,8,08,1
1781122,典当联盟_资金渠道_外部菁英-05,152,典当联盟_资金渠道_外部菁英,8,08,1
1781123,荣信汇_资金渠道_普通员工-04,153,荣信汇_资金渠道_普通员工,8,08,1
1781124,荣信汇_资金渠道_外部菁英-05,154,荣信汇_资金渠道_外部菁英,8,08,1
1781125,村银贷_资金渠道_外部菁英（终止合作）-05,156,村银贷_资金渠道_外部菁英（终止合作）,8,08,1
1781126,东莞贷_资金渠道_外部菁英（终止合作）-05,158,东莞贷_资金渠道_外部菁英（终止合作）,8,08,1
1781127,网信白泽_资金渠道_外部渠道（沈阳-存量）-26,160,网信白泽_资金渠道_外部渠道（沈阳-存量）,1,01,0
1914243,商户通_平台_分站客户-01,161,商户通_平台_分站客户,2,02,0.1
1914244,商户通_资金渠道_普通员工-01,162,商户通_资金渠道_普通员工,4,04,0.25
1914245,商户通_资金渠道_普通员工-02,162,商户通_资金渠道_普通员工,5,05,0.5
1914246,商户通_资金渠道_普通员工-03,162,商户通_资金渠道_普通员工,6,06,0.75
1914247,商户通_资金渠道_普通员工-04,162,商户通_资金渠道_普通员工,8,08,1
1914248,商户通_资金渠道_内部专职-01,163,商户通_资金渠道_内部专职,4,04,0.25
1914249,商户通_资金渠道_内部专职-02,163,商户通_资金渠道_内部专职,5,05,0.5
1914250,商户通_资金渠道_内部专职-03,163,商户通_资金渠道_内部专职,6,06,0.75
1914251,商户通_资金渠道_内部专职-04,163,商户通_资金渠道_内部专职,8,08,1
1914252,商户通_资金渠道_外部渠道-01,164,商户通_资金渠道_外部渠道,2,02,0.1
1914253,商户通_资金渠道_外部渠道-02,164,商户通_资金渠道_外部渠道,4,04,0.25
1914254,商户通_资金渠道_外部渠道-03,164,商户通_资金渠道_外部渠道,5,05,0.5
1914255,商户通_资金渠道_外部渠道-04,164,商户通_资金渠道_外部渠道,6,06,0.75
1914256,商户通_资金渠道_外部渠道-05,164,商户通_资金渠道_外部渠道,8,08,1
1914257,商户通_资金渠道_外部菁英-01,165,商户通_资金渠道_外部菁英,2,02,0.1
1914258,商户通_资金渠道_外部菁英-02,165,商户通_资金渠道_外部菁英,4,04,0.25
1914259,商户通_资金渠道_外部菁英-03,165,商户通_资金渠道_外部菁英,5,05,0.5
1914260,商户通_资金渠道_外部菁英-04,165,商户通_资金渠道_外部菁英,6,06,0.75
1914261,商户通_资金渠道_外部菁英-05,165,商户通_资金渠道_外部菁英,8,08,1
1946455,联合智信_资金渠道_外部菁英（终止合作）-01,73,联合智信_资金渠道_外部菁英（终止合作）,2,02,0.1
1946456,联合智信_资金渠道_外部菁英（终止合作）-02,73,联合智信_资金渠道_外部菁英（终止合作）,4,04,0.25
1946457,联合智信_资金渠道_外部菁英（终止合作）-03,73,联合智信_资金渠道_外部菁英（终止合作）,5,05,0.5
1946458,联合智信_资金渠道_外部菁英（终止合作）-04,73,联合智信_资金渠道_外部菁英（终止合作）,6,06,0.75
1946459,AA租车_资金渠道_普通员工（终止合作）-01,104,AA租车_资金渠道_普通员工（终止合作）,4,04,0.25
1946460,AA租车_资金渠道_普通员工（终止合作）-02,104,AA租车_资金渠道_普通员工（终止合作）,5,05,0.5
1946461,AA租车_资金渠道_普通员工（终止合作）-03,104,AA租车_资金渠道_普通员工（终止合作）,6,06,0.75
1946462,宜投基金_资金渠道_内部专职（终止合作）-01,106,宜投基金_资金渠道_内部专职（终止合作）,4,04,0.25
1946463,宜投基金_资金渠道_内部专职（终止合作）-02,106,宜投基金_资金渠道_内部专职（终止合作）,5,05,0.5
1946464,宜投基金_资金渠道_内部专职（终止合作）-03,106,宜投基金_资金渠道_内部专职（终止合作）,6,06,0.75
1946465,内蒙古开元_资金渠道_内部专职（终止合作）-01,107,内蒙古开元_资金渠道_内部专职（终止合作）,4,04,0.25
1946466,内蒙古开元_资金渠道_内部专职（终止合作）-02,107,内蒙古开元_资金渠道_内部专职（终止合作）,5,05,0.5
1946467,内蒙古开元_资金渠道_内部专职（终止合作）-03,107,内蒙古开元_资金渠道_内部专职（终止合作）,6,06,0.75
1949023,凤凰文化_资金渠道_外部菁英（终止合作）-01,99,凤凰文化_资金渠道_外部菁英（终止合作）,2,02,0.1
1949024,凤凰文化_资金渠道_外部菁英（终止合作）-02,99,凤凰文化_资金渠道_外部菁英（终止合作）,4,04,0.25
1949025,凤凰文化_资金渠道_外部菁英（终止合作）-03,99,凤凰文化_资金渠道_外部菁英（终止合作）,5,05,0.5
1949026,凤凰文化_资金渠道_外部菁英（终止合作）-04,99,凤凰文化_资金渠道_外部菁英（终止合作）,6,06,0.75
1958736,财富精英_资金渠道_内部专职（终止合作）-01,103,财富精英_资金渠道_内部专职（终止合作）,4,04,0.25
1958737,财富精英_资金渠道_内部专职（终止合作）-02,103,财富精英_资金渠道_内部专职（终止合作）,5,05,0.5
1958738,财富精英_资金渠道_内部专职（终止合作）-03,103,财富精英_资金渠道_内部专职（终止合作）,6,06,0.75
1958739,Griffin Plutus Family Office_资金渠道_内部专职（终止合作）-01,28,Griffin Plutus Family Office_资金渠道_内部专职（终止合作）,4,04,0.25
1958740,Griffin Plutus Family Office_资金渠道_内部专职（终止合作）-02,28,Griffin Plutus Family Office_资金渠道_内部专职（终止合作）,5,05,0.5
1958741,Griffin Plutus Family Office_资金渠道_内部专职（终止合作）-03,28,Griffin Plutus Family Office_资金渠道_内部专职（终止合作）,6,06,0.75
1958742,网信财富_资金渠道_内部专职（终止合作）-01,98,网信财富_资金渠道_内部专职（终止合作）,4,04,0.25
1958743,网信财富_资金渠道_内部专职（终止合作）-02,98,网信财富_资金渠道_内部专职（终止合作）,5,05,0.5
1958744,网信财富_资金渠道_内部专职（终止合作）-03,98,网信财富_资金渠道_内部专职（终止合作）,6,06,0.75
1958745,弘达财富_资金渠道_内部专职（弘达）-01,100,弘达财富_资金渠道_内部专职（弘达）,4,04,0.25
1958746,弘达财富_资金渠道_内部专职（弘达）-02,100,弘达财富_资金渠道_内部专职（弘达）,5,05,0.5
1958747,弘达财富_资金渠道_内部专职（弘达）-03,100,弘达财富_资金渠道_内部专职（弘达）,6,06,0.75
1958748,弘达财富_资金渠道_普通员工-01,166,弘达财富_资金渠道_普通员工,4,04,0.25
1958749,弘达财富_资金渠道_普通员工-02,166,弘达财富_资金渠道_普通员工,5,05,0.5
1958750,弘达财富_资金渠道_普通员工-03,166,弘达财富_资金渠道_普通员工,6,06,0.75
1958751,弘达财富_资金渠道_普通员工-04,166,弘达财富_资金渠道_普通员工,8,08,1
1958752,联合黄金_资金渠道_普通员工（终止合作）-01,167,联合黄金_资金渠道_普通员工（终止合作）,4,04,0.25
1958753,联合黄金_资金渠道_普通员工（终止合作）-02,167,联合黄金_资金渠道_普通员工（终止合作）,5,05,0.5
1958754,联合黄金_资金渠道_普通员工（终止合作）-03,167,联合黄金_资金渠道_普通员工（终止合作）,6,06,0.75
1958755,联合黄金_资金渠道_普通员工（终止合作）-04,167,联合黄金_资金渠道_普通员工（终止合作）,8,08,1
1958756,联合黄金_资金渠道_内部专职（终止合作）-01,25,联合黄金_资金渠道_内部专职（终止合作）,4,04,0.25
1958757,联合黄金_资金渠道_内部专职（终止合作）-02,25,联合黄金_资金渠道_内部专职（终止合作）,5,05,0.5
1958758,联合黄金_资金渠道_内部专职（终止合作）-03,25,联合黄金_资金渠道_内部专职（终止合作）,6,06,0.75
1958759,联合宜汇_资金渠道_普通员工（终止合作）-01,168,联合宜汇_资金渠道_普通员工（终止合作）,4,04,0.25
1958760,联合宜汇_资金渠道_普通员工（终止合作）-02,168,联合宜汇_资金渠道_普通员工（终止合作）,5,05,0.5
1958761,联合宜汇_资金渠道_普通员工（终止合作）-03,168,联合宜汇_资金渠道_普通员工（终止合作）,6,06,0.75
1958762,联合宜汇_资金渠道_普通员工（终止合作）-04,168,联合宜汇_资金渠道_普通员工（终止合作）,8,08,1
1958763,联合宜汇_资金渠道_内部专职（终止合作）-01,26,联合宜汇_资金渠道_内部专职（终止合作）,4,04,0.25
1958764,联合宜汇_资金渠道_内部专职（终止合作）-02,26,联合宜汇_资金渠道_内部专职（终止合作）,5,05,0.5
1958765,联合宜汇_资金渠道_内部专职（终止合作）-03,26,联合宜汇_资金渠道_内部专职（终止合作）,6,06,0.75
1958766,联合中瑞_资金渠道_普通员工（中瑞）（终止合作）-01,169,联合中瑞_资金渠道_普通员工（中瑞）（终止合作）,4,04,0.25
1958767,联合中瑞_资金渠道_内部专职（中瑞）（终止合作）-02,32,联合中瑞_资金渠道_内部专职（中瑞）（终止合作）,5,05,0.5
1958768,联合中瑞_资金渠道_普通员工（中瑞）（终止合作）-03,169,联合中瑞_资金渠道_普通员工（中瑞）（终止合作）,6,06,0.75
1958769,联合中瑞_资金渠道_普通员工（中瑞）（终止合作）-04,169,联合中瑞_资金渠道_普通员工（中瑞）（终止合作）,8,08,1
1958770,联合中瑞_资金渠道_内部专职（中瑞）（终止合作）-01,32,联合中瑞_资金渠道_内部专职（中瑞）（终止合作）,4,04,0.25
1958771,联合中瑞_资金渠道_普通员工（中瑞）（终止合作）-02,169,联合中瑞_资金渠道_普通员工（中瑞）（终止合作）,5,05,0.5
1958772,联合中瑞_资金渠道_内部专职（中瑞）（终止合作）-03,32,联合中瑞_资金渠道_内部专职（中瑞）（终止合作）,6,06,0.75
1984834,润歌国际_资金渠道_普通员工（终止合作）-01,170,润歌国际_资金渠道_普通员工（终止合作）,4,04,0.25
1984835,润歌国际_资金渠道_普通员工（终止合作）-02,170,润歌国际_资金渠道_普通员工（终止合作）,5,05,0.5
1984836,润歌国际_资金渠道_普通员工（终止合作）-03,170,润歌国际_资金渠道_普通员工（终止合作）,6,06,0.75
1984837,润歌国际_资金渠道_普通员工（终止合作）-04,170,润歌国际_资金渠道_普通员工（终止合作）,8,08,1
1984838,润歌国际_资金渠道_内部专职（终止合作）-01,102,润歌国际_资金渠道_内部专职（终止合作）,4,04,0.25
1984839,润歌国际_资金渠道_内部专职（终止合作）-02,102,润歌国际_资金渠道_内部专职（终止合作）,5,05,0.5
1984840,润歌国际_资金渠道_内部专职（终止合作）-03,102,润歌国际_资金渠道_内部专职（终止合作）,6,06,0.75
1984841,盈华财富_资金渠道_普通员工-01,171,盈华财富_资金渠道_普通员工,4,04,0.25
1984842,盈华财富_资金渠道_普通员工-02,171,盈华财富_资金渠道_普通员工,5,05,0.5
1984843,盈华财富_资金渠道_普通员工-03,171,盈华财富_资金渠道_普通员工,6,06,0.75
1984844,盈华财富_资金渠道_普通员工-04,171,盈华财富_资金渠道_普通员工,8,08,1
1984845,盈华财富_资金渠道_内部专职（盈华）-01,11,盈华财富_资金渠道_内部专职（盈华）,4,04,0.25
1984846,盈华财富_资金渠道_内部专职（盈华）-02,11,盈华财富_资金渠道_内部专职（盈华）,5,05,0.5
1984847,盈华财富_资金渠道_内部专职（盈华）-03,11,盈华财富_资金渠道_内部专职（盈华）,6,06,0.75
1984848,联合财富_资金渠道_普通员工-01,145,联合财富_资金渠道_普通员工,4,04,0.25
1984849,联合财富_资金渠道_普通员工-02,145,联合财富_资金渠道_普通员工,5,05,0.5
1984850,联合财富_资金渠道_普通员工-03,145,联合财富_资金渠道_普通员工,6,06,0.75
1984851,联合财富_资金渠道_内部专职（内部专职）-04,12,联合财富_资金渠道_内部专职（内部专职）,8,08,1
1984852,联合财富_资金渠道_外部菁英（外部菁英）-01,144,联合财富_资金渠道_外部菁英（外部菁英）,2,02,0.1
1984853,联合财富_资金渠道_外部菁英（外部菁英）-02,144,联合财富_资金渠道_外部菁英（外部菁英）,4,04,0.25
1984854,联合财富_资金渠道_外部菁英（外部菁英）-03,144,联合财富_资金渠道_外部菁英（外部菁英）,5,05,0.5
1984855,联合财富_资金渠道_外部菁英（外部菁英）-04,144,联合财富_资金渠道_外部菁英（外部菁英）,6,06,0.75
1984856,联合财富_资金渠道_外部菁英（外部菁英）-05,144,联合财富_资金渠道_外部菁英（外部菁英）,8,08,1
1984857,弘达北方_大连贷_资金渠道_内部专职-01,59,弘达北方_大连贷_资金渠道_内部专职,4,04,0.25
1984858,弘达北方_大连贷_资金渠道_内部专职-02,59,弘达北方_大连贷_资金渠道_内部专职,5,05,0.5
1984859,弘达北方_大连贷_资金渠道_内部专职-03,59,弘达北方_大连贷_资金渠道_内部专职,6,06,0.75
1984860,弘达北方_大连贷_资金渠道_普通员工-01,147,弘达北方_大连贷_资金渠道_普通员工,4,04,0.25
1984861,弘达北方_大连贷_资金渠道_普通员工-03,147,弘达北方_大连贷_资金渠道_普通员工,6,06,0.75
1984862,弘达北方_大连贷_资金渠道_普通员工-02,147,弘达北方_大连贷_资金渠道_普通员工,5,05,0.5
1984863,弘达北方_大连贷_资金渠道_外部菁英-01,148,弘达北方_大连贷_资金渠道_外部菁英,2,02,0.1
1984864,弘达北方_大连贷_资金渠道_外部菁英-02,148,弘达北方_大连贷_资金渠道_外部菁英,4,04,0.25
1984865,弘达北方_大连贷_资金渠道_外部菁英-03,148,弘达北方_大连贷_资金渠道_外部菁英,5,05,0.5
1984866,弘达北方_大连贷_资金渠道_外部菁英-04,148,弘达北方_大连贷_资金渠道_外部菁英,6,06,0.75
1984867,弘达北方_大连贷_资金渠道_外部渠道-01,173,弘达北方_大连贷_资金渠道_外部渠道,2,02,0.1
1984868,弘达北方_大连贷_资金渠道_外部渠道-02,173,弘达北方_大连贷_资金渠道_外部渠道,4,04,0.25
1984869,弘达北方_大连贷_资金渠道_外部渠道-03,173,弘达北方_大连贷_资金渠道_外部渠道,5,05,0.5
1984870,弘达北方_大连贷_资金渠道_外部渠道-04,173,弘达北方_大连贷_资金渠道_外部渠道,6,06,0.75
1984871,弘达北方_大连贷_资金渠道_外部渠道-05,173,弘达北方_大连贷_资金渠道_外部渠道,8,08,1
1984872,弘达北方_沈阳贷_资金渠道_内部专职-01,55,弘达北方_沈阳贷_资金渠道_内部专职,4,04,0.25
1984873,弘达北方_沈阳贷_资金渠道_内部专职-02,55,弘达北方_沈阳贷_资金渠道_内部专职,5,05,0.5
1984874,弘达北方_沈阳贷_资金渠道_内部专职-03,55,弘达北方_沈阳贷_资金渠道_内部专职,6,06,0.75
1984875,弘达北方_沈阳贷_资金渠道_普通员工-01,149,弘达北方_沈阳贷_资金渠道_普通员工,4,04,0.25
1984876,弘达北方_沈阳贷_资金渠道_普通员工-02,149,弘达北方_沈阳贷_资金渠道_普通员工,5,05,0.5
1984877,弘达北方_沈阳贷_资金渠道_普通员工-03,149,弘达北方_沈阳贷_资金渠道_普通员工,6,06,0.75
1984878,沈阳贷_资金渠道_外部菁英（作废）-01,150,沈阳贷_资金渠道_外部菁英（作废）,2,02,0.1
1984879,沈阳贷_资金渠道_外部菁英（作废）-02,150,沈阳贷_资金渠道_外部菁英（作废）,4,04,0.25
1984880,沈阳贷_资金渠道_外部菁英（作废）-03,150,沈阳贷_资金渠道_外部菁英（作废）,5,05,0.5
1984881,沈阳贷_资金渠道_外部菁英（作废）-04,150,沈阳贷_资金渠道_外部菁英（作废）,6,06,0.75
1984882,沈阳贷_资金渠道_外部菁英（作废）-05,150,沈阳贷_资金渠道_外部菁英（作废）,8,08,1
1984883,Externality_壹城金信_资金渠道_外部菁英-01,174,Externality_壹城金信_资金渠道_外部菁英,2,02,0.1
1984884,Externality_壹城金信_资金渠道_外部菁英-02,174,Externality_壹城金信_资金渠道_外部菁英,4,04,0.25
1984885,Externality_壹城金信_资金渠道_外部菁英-03,174,Externality_壹城金信_资金渠道_外部菁英,5,05,0.5
1984886,Externality_壹城金信_资金渠道_外部菁英-05,174,Externality_壹城金信_资金渠道_外部菁英,6,06,0.75
1984887,Externality_壹城金信_资金渠道_外部菁英-04,174,Externality_壹城金信_资金渠道_外部菁英,8,08,1
1984888,典当联盟_资金渠道_普通员工-01,151,典当联盟_资金渠道_普通员工,4,04,0.25
1984889,典当联盟_资金渠道_普通员工-02,151,典当联盟_资金渠道_普通员工,5,05,0.5
1984890,典当联盟_资金渠道_普通员工-03,151,典当联盟_资金渠道_普通员工,6,06,0.75
1984891,典当联盟_资金渠道_内部专职-01,48,典当联盟_资金渠道_内部专职,4,04,0.25
1984892,典当联盟_资金渠道_内部专职-02,48,典当联盟_资金渠道_内部专职,5,05,0.5
1984893,典当联盟_资金渠道_内部专职-03,48,典当联盟_资金渠道_内部专职,6,06,0.75
1984894,典当联盟_资金渠道_外部菁英-01,152,典当联盟_资金渠道_外部菁英,2,02,0.1
1984895,典当联盟_资金渠道_外部菁英-02,152,典当联盟_资金渠道_外部菁英,4,04,0.25
1984896,典当联盟_资金渠道_外部菁英-03,152,典当联盟_资金渠道_外部菁英,5,05,0.5
1984897,典当联盟_资金渠道_外部菁英-04,152,典当联盟_资金渠道_外部菁英,6,06,0.75
1984898,典当联盟_资金渠道_外部渠道-01,175,典当联盟_资金渠道_外部渠道,2,02,0.1
1984899,典当联盟_资金渠道_外部渠道-02,175,典当联盟_资金渠道_外部渠道,4,04,0.25
1984900,典当联盟_资金渠道_外部渠道-03,175,典当联盟_资金渠道_外部渠道,5,05,0.5
1984901,典当联盟_资金渠道_外部渠道-04,175,典当联盟_资金渠道_外部渠道,6,06,0.75
1984902,典当联盟_资金渠道_外部渠道-05,175,典当联盟_资金渠道_外部渠道,8,08,1
1984903,荣信汇_资金渠道_内部专职-01,65,荣信汇_资金渠道_内部专职,4,04,0.25
1984904,荣信汇_资金渠道_内部专职-02,65,荣信汇_资金渠道_内部专职,5,05,0.5
1984905,荣信汇_资金渠道_内部专职-03,65,荣信汇_资金渠道_内部专职,6,06,0.75
1991038,荣信汇_资金渠道_普通员工-02,153,荣信汇_资金渠道_普通员工,5,05,0.5
1991039,荣信汇_资金渠道_普通员工-03,153,荣信汇_资金渠道_普通员工,6,06,0.75
1991551,荣信汇_资金渠道_外部菁英-01,154,荣信汇_资金渠道_外部菁英,2,02,0.1
1991552,荣信汇_资金渠道_外部菁英-02,154,荣信汇_资金渠道_外部菁英,4,04,0.25
1991553,荣信汇_资金渠道_外部菁英-03,154,荣信汇_资金渠道_外部菁英,5,05,0.5
1991554,荣信汇_资金渠道_外部菁英-04,154,荣信汇_资金渠道_外部菁英,6,06,0.75
1991555,荣信汇_资金渠道_外部渠道-01,176,荣信汇_资金渠道_外部渠道,2,02,0.1
1992067,荣信汇_资金渠道_外部渠道-02,176,荣信汇_资金渠道_外部渠道,4,04,0.25
1992068,荣信汇_资金渠道_外部渠道-03,176,荣信汇_资金渠道_外部渠道,5,05,0.5
1992069,荣信汇_资金渠道_外部渠道-04,176,荣信汇_资金渠道_外部渠道,6,06,0.75
1992070,荣信汇_资金渠道_外部渠道-05,176,荣信汇_资金渠道_外部渠道,8,08,1
2005605,村银贷_资金渠道_普通员工（终止合作）-02,155,村银贷_资金渠道_普通员工（终止合作）,5,05,0.5
2008161,村银贷_资金渠道_普通员工（终止合作）-03,155,村银贷_资金渠道_普通员工（终止合作）,6,06,0.75
2008162,村银贷_资金渠道_内部专职（终止合作）-01,87,村银贷_资金渠道_内部专职（终止合作）,4,04,0.25
2008674,村银贷_资金渠道_内部专职（终止合作）-02,87,村银贷_资金渠道_内部专职（终止合作）,5,05,0.5
2008675,村银贷_资金渠道_内部专职（终止合作）-03,87,村银贷_资金渠道_内部专职（终止合作）,6,06,0.75
2008676,村银贷_资金渠道_外部菁英（终止合作）-01,156,村银贷_资金渠道_外部菁英（终止合作）,2,02,0.1
2008677,村银贷_资金渠道_外部菁英（终止合作）-02,156,村银贷_资金渠道_外部菁英（终止合作）,4,04,0.25
2008678,村银贷_资金渠道_外部菁英（终止合作）-03,156,村银贷_资金渠道_外部菁英（终止合作）,5,05,0.5
2008679,村银贷_资金渠道_外部菁英（终止合作）-04,156,村银贷_资金渠道_外部菁英（终止合作）,6,06,0.75
2008680,村银贷_资金渠道_外部渠道（终止合作）-01,177,村银贷_资金渠道_外部渠道（终止合作）,2,02,0.1
2008681,村银贷_资金渠道_外部渠道（终止合作）-02,177,村银贷_资金渠道_外部渠道（终止合作）,4,04,0.25
2008682,村银贷_资金渠道_外部渠道（终止合作）-03,177,村银贷_资金渠道_外部渠道（终止合作）,5,05,0.5
2008683,村银贷_资金渠道_外部渠道（终止合作）-04,177,村银贷_资金渠道_外部渠道（终止合作）,6,06,0.75
2008684,村银贷_资金渠道_外部渠道（终止合作）-05,177,村银贷_资金渠道_外部渠道（终止合作）,8,08,1
2014817,东莞贷_资金渠道_普通员工（终止合作）-02,157,东莞贷_资金渠道_普通员工（终止合作）,5,05,0.5
2014818,东莞贷_资金渠道_普通员工（终止合作）-03,157,东莞贷_资金渠道_普通员工（终止合作）,6,06,0.75
2015330,东莞贷_资金渠道_内部专职（终止合作）-01,89,东莞贷_资金渠道_内部专职（终止合作）,4,04,0.25
2015331,东莞贷_资金渠道_内部专职（终止合作）-02,89,东莞贷_资金渠道_内部专职（终止合作）,5,05,0.5
2015332,东莞贷_资金渠道_内部专职（终止合作）-03,89,东莞贷_资金渠道_内部专职（终止合作）,6,06,0.75
2015333,东莞贷_资金渠道_外部菁英（终止合作）-01,158,东莞贷_资金渠道_外部菁英（终止合作）,2,02,0.1
2015334,东莞贷_资金渠道_外部菁英（终止合作）-02,158,东莞贷_资金渠道_外部菁英（终止合作）,4,04,0.25
2015335,东莞贷_资金渠道_外部菁英（终止合作）-03,158,东莞贷_资金渠道_外部菁英（终止合作）,5,05,0.5
2015336,东莞贷_资金渠道_外部菁英（终止合作）-04,158,东莞贷_资金渠道_外部菁英（终止合作）,6,06,0.75
2016870,东莞贷_资金渠道_外部渠道（终止合作）-01,178,东莞贷_资金渠道_外部渠道（终止合作）,2,02,0.1
2016871,东莞贷_资金渠道_外部渠道（终止合作）-02,178,东莞贷_资金渠道_外部渠道（终止合作）,4,04,0.25
2016872,东莞贷_资金渠道_外部渠道（终止合作）-03,178,东莞贷_资金渠道_外部渠道（终止合作）,5,05,0.5
2016873,东莞贷_资金渠道_外部渠道（终止合作）-04,178,东莞贷_资金渠道_外部渠道（终止合作）,6,06,0.75
2016874,东莞贷_资金渠道_外部渠道（终止合作）-05,178,东莞贷_资金渠道_外部渠道（终止合作）,8,08,1
2016875,网信白泽_资金渠道_外部渠道（济南-存量）-11,159,网信白泽_资金渠道_外部渠道（济南-存量）,5,05,0.5
2016876,网信白泽_资金渠道_外部渠道（济南-存量）-23,159,网信白泽_资金渠道_外部渠道（济南-存量）,2,02,0.1
2016877,网信白泽_资金渠道_外部渠道（大连-存量）-02,91,网信白泽_资金渠道_外部渠道（大连-存量）,8,08,1
2016878,网信白泽_资金渠道_外部渠道（大连-存量）-11,91,网信白泽_资金渠道_外部渠道（大连-存量）,5,05,0.5
2016879,网信白泽_资金渠道_外部渠道（大连-存量）-23,91,网信白泽_资金渠道_外部渠道（大连-存量）,2,02,0.1
2016880,网信白泽_资金渠道_外部渠道（沈阳-存量）-01,160,网信白泽_资金渠道_外部渠道（沈阳-存量）,2,02,0.1
2016881,网信白泽_资金渠道_外部渠道（沈阳-存量）-02,160,网信白泽_资金渠道_外部渠道（沈阳-存量）,8,08,1
2016882,网信白泽_资金渠道_外部渠道（沈阳-存量）-11,160,网信白泽_资金渠道_外部渠道（沈阳-存量）,5,05,0.5
2016883,网信白泽_资金渠道_外部渠道（沈阳-存量）-23,160,网信白泽_资金渠道_外部渠道（沈阳-存量）,2,02,0.1
2016884,网信白泽_资金渠道_外部渠道（宁波-存量）-01,179,网信白泽_资金渠道_外部渠道（宁波-存量）,2,02,0.1
2016885,网信白泽_资金渠道_外部渠道（宁波-存量）-02,179,网信白泽_资金渠道_外部渠道（宁波-存量）,8,08,1
2016886,网信白泽_资金渠道_外部渠道（宁波-存量）-11,179,网信白泽_资金渠道_外部渠道（宁波-存量）,5,05,0.5
2016887,网信白泽_资金渠道_外部渠道（宁波-存量）-23,179,网信白泽_资金渠道_外部渠道（宁波-存量）,2,02,0.1
2016888,网信白泽_资金渠道_外部渠道（宁波-存量）-26,179,网信白泽_资金渠道_外部渠道（宁波-存量）,1,01,0
2034000,网信白泽_开放平台_CPS（二部）-04,180,网信白泽_开放平台_CPS（二部）,8,08,1
2804078,联合财富_资金渠道_内部专职（内部专职）-04,12,联合财富_资金渠道_内部专职（内部专职）,5,05,0.5
2902191,网信众利_资金渠道_外部渠道（终止合作）-05,181,网信众利_资金渠道_外部渠道（终止合作）,8,08,1
2949206,联合中瑞_资金渠道_外部菁英（红包组）（终止合作）-01,182,联合中瑞_资金渠道_外部菁英（红包组）（终止合作）,2,02,0.1
2949207,联合中瑞_资金渠道_外部菁英（红包组）（终止合作）-02,182,联合中瑞_资金渠道_外部菁英（红包组）（终止合作）,4,04,0.25
2949208,联合中瑞_资金渠道_外部菁英（红包组）（终止合作）-03,182,联合中瑞_资金渠道_外部菁英（红包组）（终止合作）,5,05,0.5
2949209,联合中瑞_资金渠道_外部菁英（红包组）（终止合作）-04,182,联合中瑞_资金渠道_外部菁英（红包组）（终止合作）,6,06,0.75
2949210,联合中瑞_资金渠道_外部菁英（红包组）（终止合作）-05,182,联合中瑞_资金渠道_外部菁英（红包组）（终止合作）,8,08,1
2949211,联合中瑞_资金渠道_外部菁英（中瑞）（终止合作）-01,183,联合中瑞_资金渠道_外部菁英（中瑞）（终止合作）,2,02,0.1
2949212,联合中瑞_资金渠道_外部菁英（中瑞）（终止合作）-02,183,联合中瑞_资金渠道_外部菁英（中瑞）（终止合作）,4,04,0.25
2949213,联合中瑞_资金渠道_外部菁英（中瑞）（终止合作）-03,183,联合中瑞_资金渠道_外部菁英（中瑞）（终止合作）,5,05,0.5
2949214,联合中瑞_资金渠道_外部菁英（中瑞）（终止合作）-04,183,联合中瑞_资金渠道_外部菁英（中瑞）（终止合作）,6,06,0.75
2949215,联合中瑞_资金渠道_外部菁英（中瑞）（终止合作）-05,183,联合中瑞_资金渠道_外部菁英（中瑞）（终止合作）,8,08,1
2956881,弘达财富_资金渠道_外部菁英（弘达）-01,184,弘达财富_资金渠道_外部菁英（弘达）,2,02,0.1
2956882,弘达财富_资金渠道_外部菁英（弘达）-02,184,弘达财富_资金渠道_外部菁英（弘达）,4,04,0.25
2956883,弘达财富_资金渠道_外部菁英（弘达）-03,184,弘达财富_资金渠道_外部菁英（弘达）,5,05,0.5
2956884,弘达财富_资金渠道_外部菁英（弘达）-04,184,弘达财富_资金渠道_外部菁英（弘达）,6,06,0.75
2956885,弘达财富_资金渠道_外部菁英（弘达）-05,184,弘达财富_资金渠道_外部菁英（弘达）,8,08,1
2958419,弘达财富_资金渠道_外部渠道-01,185,弘达财富_资金渠道_外部渠道,2,02,0.1
2958420,弘达财富_资金渠道_外部渠道-02,185,弘达财富_资金渠道_外部渠道,4,04,0.25
2958421,弘达财富_资金渠道_外部渠道-03,185,弘达财富_资金渠道_外部渠道,5,05,0.5
2960977,弘达财富_资金渠道_外部渠道-04,185,弘达财富_资金渠道_外部渠道,6,06,0.75
2960978,弘达财富_资金渠道_外部渠道-05,185,弘达财富_资金渠道_外部渠道,8,08,1
2966089,网信财富_资金渠道_外部渠道（终止合作）-01,186,网信财富_资金渠道_外部渠道（终止合作）,2,02,0.1
2966090,网信财富_资金渠道_外部渠道（终止合作）-02,186,网信财富_资金渠道_外部渠道（终止合作）,4,04,0.25
2968646,网信财富_资金渠道_外部渠道（终止合作）-03,186,网信财富_资金渠道_外部渠道（终止合作）,5,05,0.5
2968647,网信财富_资金渠道_外部渠道（终止合作）-04,186,网信财富_资金渠道_外部渠道（终止合作）,6,06,0.75
2968648,网信财富_资金渠道_外部渠道（终止合作）-05,186,网信财富_资金渠道_外部渠道（终止合作）,8,08,1
2968649,网信财富_资金渠道_外部菁英（终止合作）-01,187,网信财富_资金渠道_外部菁英（终止合作）,2,02,0.1
2968650,网信财富_资金渠道_外部菁英（终止合作）-02,187,网信财富_资金渠道_外部菁英（终止合作）,4,04,0.25
2968651,网信财富_资金渠道_外部菁英（终止合作）-03,187,网信财富_资金渠道_外部菁英（终止合作）,5,05,0.5
2968652,网信财富_资金渠道_外部菁英（终止合作）-04,187,网信财富_资金渠道_外部菁英（终止合作）,6,06,0.75
2968653,网信财富_资金渠道_外部菁英（终止合作）-05,187,网信财富_资金渠道_外部菁英（终止合作）,8,08,1
2969165,网信财富_资金渠道_普通员工（终止合作）-01,188,网信财富_资金渠道_普通员工（终止合作）,4,04,0.25
2969166,网信财富_资金渠道_普通员工（终止合作）-02,188,网信财富_资金渠道_普通员工（终止合作）,5,05,0.5
2969167,网信财富_资金渠道_普通员工（终止合作）-03,188,网信财富_资金渠道_普通员工（终止合作）,6,06,0.75
2969168,网信财富_资金渠道_普通员工（终止合作）-04,188,网信财富_资金渠道_普通员工（终止合作）,8,08,1
3122107,产融贷(汇源金控)_资金渠道_普通员工-01,189,产融贷(汇源金控)_资金渠道_普通员工,4,04,0.25
3122108,产融贷(汇源金控)_资金渠道_普通员工-02,189,产融贷(汇源金控)_资金渠道_普通员工,5,05,0.5
3122109,产融贷(汇源金控)_资金渠道_普通员工-03,189,产融贷(汇源金控)_资金渠道_普通员工,6,06,0.75
3122110,产融贷(汇源金控)_资金渠道_普通员工-04,189,产融贷(汇源金控)_资金渠道_普通员工,8,08,1
3122111,产融贷(汇源金控)_资金渠道_内部专职-01,190,产融贷(汇源金控)_资金渠道_内部专职,4,04,0.25
3122112,产融贷(汇源金控)_资金渠道_内部专职-02,190,产融贷(汇源金控)_资金渠道_内部专职,5,05,0.5
3122113,产融贷(汇源金控)_资金渠道_内部专职-03,190,产融贷(汇源金控)_资金渠道_内部专职,6,06,0.75
3122114,产融贷(汇源金控)_资金渠道_内部专职-04,190,产融贷(汇源金控)_资金渠道_内部专职,8,08,1
3122115,产融贷(汇源金控)_资金渠道_外部菁英-01,191,产融贷(汇源金控)_资金渠道_外部菁英,2,02,0.1
3122116,产融贷(汇源金控)_资金渠道_外部菁英-02,191,产融贷(汇源金控)_资金渠道_外部菁英,4,04,0.25
3122117,产融贷(汇源金控)_资金渠道_外部菁英-03,191,产融贷(汇源金控)_资金渠道_外部菁英,5,05,0.5
3122118,产融贷(汇源金控)_资金渠道_外部菁英-04,191,产融贷(汇源金控)_资金渠道_外部菁英,6,06,0.75
3122119,产融贷(汇源金控)_资金渠道_外部菁英-05,191,产融贷(汇源金控)_资金渠道_外部菁英,8,08,1
3122120,产融贷(汇源金控)_资金渠道_外部渠道-01,192,产融贷(汇源金控)_资金渠道_外部渠道,2,02,0.1
3122121,产融贷(汇源金控)_资金渠道_外部渠道-02,192,产融贷(汇源金控)_资金渠道_外部渠道,4,04,0.25
3122122,产融贷(汇源金控)_资金渠道_外部渠道-03,192,产融贷(汇源金控)_资金渠道_外部渠道,5,05,0.5
3122123,产融贷(汇源金控)_资金渠道_外部渠道-04,192,产融贷(汇源金控)_资金渠道_外部渠道,6,06,0.75
3122124,产融贷(汇源金控)_资金渠道_外部渠道-05,192,产融贷(汇源金控)_资金渠道_外部渠道,8,08,1
3847907,致联新能源_开放平台_CPA+S-29,193,致联新能源_开放平台_CPA+S,1,01,0
4427426,网信白泽_开放平台_CPA+CPS（二部-存量）-26,194,网信白泽_开放平台_CPA+CPS（二部-存量）,1,01,0
4427427,网信白泽_开放平台_CPA+CPS（二部-存量）-11,194,网信白泽_开放平台_CPA+CPS（二部-存量）,5,05,0.5
4427428,网信白泽_开放平台_CPA+CPS（二部-存量）-23,194,网信白泽_开放平台_CPA+CPS（二部-存量）,2,02,0.1
4427429,网信白泽_开放平台_CPA+CPS（二部-存量）-02,194,网信白泽_开放平台_CPA+CPS（二部-存量）,8,08,1
4467834,众筹网_资金渠道_普通员工（终止合作）-01,195,众筹网_资金渠道_普通员工（终止合作）,4,04,0.25
4467835,众筹网_资金渠道_普通员工（终止合作）-02,195,众筹网_资金渠道_普通员工（终止合作）,5,05,0.5
4467836,众筹网_资金渠道_普通员工（终止合作）-03,195,众筹网_资金渠道_普通员工（终止合作）,6,06,0.75
4467837,众筹网_资金渠道_普通员工（终止合作）-04,195,众筹网_资金渠道_普通员工（终止合作）,8,08,1
4467838,众筹网_资金渠道_内部专职（终止合作）-01,196,众筹网_资金渠道_内部专职（终止合作）,4,04,0.25
4467839,众筹网_资金渠道_内部专职（终止合作）-02,196,众筹网_资金渠道_内部专职（终止合作）,5,05,0.5
4467840,众筹网_资金渠道_内部专职（终止合作）-03,196,众筹网_资金渠道_内部专职（终止合作）,6,06,0.75
4467841,众筹网_资金渠道_内部专职（终止合作）-04,196,众筹网_资金渠道_内部专职（终止合作）,8,08,1
4467842,众筹网_资金渠道_外部渠道（终止合作）-01,197,众筹网_资金渠道_外部渠道（终止合作）,2,02,0.1
4467843,众筹网_资金渠道_外部渠道（终止合作）-02,197,众筹网_资金渠道_外部渠道（终止合作）,4,04,0.25
4467844,众筹网_资金渠道_外部渠道（终止合作）-03,197,众筹网_资金渠道_外部渠道（终止合作）,5,05,0.5
4467845,众筹网_资金渠道_外部渠道（终止合作）-04,197,众筹网_资金渠道_外部渠道（终止合作）,6,06,0.75
4467846,众筹网_资金渠道_外部渠道（终止合作）-05,197,众筹网_资金渠道_外部渠道（终止合作）,8,08,1
4467847,众筹网_资金渠道_外部菁英（终止合作）-01,198,众筹网_资金渠道_外部菁英（终止合作）,2,02,0.1
4467848,众筹网_资金渠道_外部菁英（终止合作）-02,198,众筹网_资金渠道_外部菁英（终止合作）,4,04,0.25
4467849,众筹网_资金渠道_外部菁英（终止合作）-03,198,众筹网_资金渠道_外部菁英（终止合作）,5,05,0.5
4467850,众筹网_资金渠道_外部菁英（终止合作）-04,198,众筹网_资金渠道_外部菁英（终止合作）,6,06,0.75
4467851,众筹网_资金渠道_外部菁英（终止合作）-05,198,众筹网_资金渠道_外部菁英（终止合作）,8,08,1
4488312,先锋支付_资金渠道_普通员工（北京总部）（终止合作）-05,199,先锋支付_资金渠道_普通员工（北京总部）（终止合作）,8,08,1
4765546,中恒信(微拍)_资金渠道_普通员工（终止合作）-01,200,中恒信(微拍)_资金渠道_普通员工（终止合作）,4,04,0.25
4765547,中恒信(微拍)_资金渠道_普通员工（终止合作）-02,200,中恒信(微拍)_资金渠道_普通员工（终止合作）,5,05,0.5
4765548,中恒信(微拍)_资金渠道_普通员工（终止合作）-03,200,中恒信(微拍)_资金渠道_普通员工（终止合作）,6,06,0.75
4765549,中恒信(微拍)_资金渠道_普通员工（终止合作）-04,200,中恒信(微拍)_资金渠道_普通员工（终止合作）,8,08,1
4804424,主站_平台_第三方渠道O2O-01,201,主站_平台_第三方渠道O2O,1,01,0
5290861,第一房贷_资金渠道_普通员工（后台员工）-01,126,第一房贷_资金渠道_普通员工（后台员工）,4,04,0.25
5290862,第一房贷_资金渠道_普通员工（后台员工）-02,126,第一房贷_资金渠道_普通员工（后台员工）,5,05,0.5
5290863,第一房贷_资金渠道_普通员工（后台员工）-03,126,第一房贷_资金渠道_普通员工（后台员工）,6,06,0.75
5290864,第一房贷_资金渠道_普通员工（后台员工）-04,126,第一房贷_资金渠道_普通员工（后台员工）,8,08,1
5662214,Externality_江西上饶_资金渠道_内部专职1级（终止合作）-05,202,Externality_江西上饶_资金渠道_内部专职1级（终止合作）,8,08,1
5662215,网信_平台用户_京都天和邀请码户-27,203,网信_平台用户_京都天和邀请码户,1,01,0
5693929,拍车365_资金渠道_内部专职（终止合作）-05,204,拍车365_资金渠道_内部专职（终止合作）,8,08,1
5765540,Externality_江西上饶_资金渠道_内部专职1级（终止合作）-04,202,Externality_江西上饶_资金渠道_内部专职1级（终止合作）,6,06,0.75
8249385,产融贷_O2O_汇源员工-01,205,产融贷_O2O_汇源员工,5,05,0.5
9422894,联合兑换_资金渠道_外部菁英-05,206,联合兑换_资金渠道_外部菁英,8,08,1
9733054,商户通_资金渠道_外部渠道（五星控股）-04,207,商户通_资金渠道_外部渠道（五星控股）,8,08,1
9733055,商户通_资金渠道_外部渠道（孩子王）-04,208,商户通_资金渠道_外部渠道（孩子王）,5,05,0.5
9733056,商户通_资金渠道_外部渠道（汇通达）-04,209,商户通_资金渠道_外部渠道（汇通达）,8,08,1
9733057,商户通_资金渠道_外部渠道（好享家）-04,210,商户通_资金渠道_外部渠道（好享家）,8,08,1
9733058,联合中瑞_资金渠道_外部菁英（规模组）（终止合作）-04,211,联合中瑞_资金渠道_外部菁英（规模组）（终止合作）,8,08,1
9733059,联合中瑞_资金渠道_外部菁英（兼职考核组）（终止合作）-04,212,联合中瑞_资金渠道_外部菁英（兼职考核组）（终止合作）,8,08,1
9767842,网信众利_资金渠道_内部专职（业务经理/主任）（终止合作）-01,213,网信众利_资金渠道_内部专职（业务经理/主任）（终止合作）,8,08,1
10048656,网信理财_平台用户_外滩网信邀请码户-27,214,网信理财_平台用户_外滩网信邀请码户,1,01,0
10048657,网信理财_平台用户_外滩网信邀请码户-02,214,网信理财_平台用户_外滩网信邀请码户,5,05,0.5
10048658,网信理财_平台用户_外滩网信邀请码户-03,214,网信理财_平台用户_外滩网信邀请码户,6,06,0.75
10048659,网信理财_平台用户_外滩网信邀请码户-04,214,网信理财_平台用户_外滩网信邀请码户,8,08,1
10049683,山东联合融资担保有限公司_资金渠道_普通员工（终止合作）-04,215,山东联合融资担保有限公司_资金渠道_普通员工（终止合作）,8,08,1
10832533,Externality_中易视野_资金渠道_内部专职（终止合作）-01,216,Externality_中易视野_资金渠道_内部专职（终止合作）,4,04,0.25
10832534,Externality_中易视野_资金渠道_内部专职（终止合作）-02,216,Externality_中易视野_资金渠道_内部专职（终止合作）,5,05,0.5
10832535,Externality_中易视野_资金渠道_内部专职（终止合作）-03,216,Externality_中易视野_资金渠道_内部专职（终止合作）,6,06,0.75
10832536,Externality_中易视野_资金渠道_内部专职（终止合作）-04,216,Externality_中易视野_资金渠道_内部专职（终止合作）,8,08,1
10850951,网信众利_资金渠道_外部菁英（兼职理财师）（终止合作）-01,217,网信众利_资金渠道_外部菁英（兼职理财师）（终止合作）,8,08,1
10850952,网信众利_资金渠道_普通员工（留存城市经理）（终止合作）-01,218,网信众利_资金渠道_普通员工（留存城市经理）（终止合作）,8,08,1
10850953,网信众利_资金渠道_普通员工（留存城市经理）（终止合作）-01,218,网信众利_资金渠道_普通员工（留存城市经理）（终止合作）,1,01,0
10851977,联合中瑞_资金渠道_内部专职（计数组专职）（终止合作）-01,219,联合中瑞_资金渠道_内部专职（计数组专职）（终止合作）,1,01,0
12412446,Externality_上海明瑰_资金渠道_内部专职（终止合作）-04,220,Externality_上海明瑰_资金渠道_内部专职（终止合作）,8,08,1
12413470,联合财富_资金渠道_外部菁英（兼职理财师）-04,221,联合财富_资金渠道_外部菁英（兼职理财师）,5,05,0.5
12414494,联合财富_资金渠道_内部专职（市场拓展专员）-04,222,联合财富_资金渠道_内部专职（市场拓展专员）,5,05,0.5
12414495,联合财富_资金渠道_外部菁英（离职理财师）-04,223,联合财富_资金渠道_外部菁英（离职理财师）,2,02,0.1
14068677,o2o_康鹏佳德员工-01,224,o2o_康鹏佳德员工,1,01,0
14235427,网信_资金渠道_普通员工-01,225,网信_资金渠道_普通员工,8,08,1
15712219,Externality_鑫亿宏元_资金渠道_外部菁英1级-04,226,Externality_鑫亿宏元_资金渠道_外部菁英1级,8,08,1
15712220,荣信汇_资金渠道_外部渠道（众信家）-04,227,荣信汇_资金渠道_外部渠道（众信家）,1,01,0
15712221,荣信汇_资金渠道_外部渠道（彩生活）-04,228,荣信汇_资金渠道_外部渠道（彩生活）,1,01,0
17690956,宜投基金_资金渠道_普通员工（终止合作）-04,229,宜投基金_资金渠道_普通员工（终止合作）,8,08,1
17691980,宜投基金_资金渠道_外部渠道（终止合作）-05,230,宜投基金_资金渠道_外部渠道（终止合作）,8,08,1
17691981,宜投基金_资金渠道_外部菁英（终止合作）-05,231,宜投基金_资金渠道_外部菁英（终止合作）,8,08,1
19210114,Externality_鑫亿宏元_资金渠道_外部菁英2级-01,232,Externality_鑫亿宏元_资金渠道_外部菁英2级,3,03,0.2
19217276,东莞贷_资金渠道_外部渠道（汇聚信）（终止合作）-01,233,东莞贷_资金渠道_外部渠道（汇聚信）（终止合作）,8,08,1
19261266,联合中瑞_资金渠道_外部渠道（机构组）（终止合作）-01,234,联合中瑞_资金渠道_外部渠道（机构组）（终止合作）,8,08,1
19415740,先锋支付_资金渠道_普通员工（大连）（终止合作）-01,235,先锋支付_资金渠道_普通员工（大连）（终止合作）,8,08,1
19416764,先锋支付_资金渠道_外部菁英（大连）（终止合作）-01,236,先锋支付_资金渠道_外部菁英（大连）（终止合作）,8,08,1
19784022,粤港贷_资金渠道_内部专职-04,237,粤港贷_资金渠道_内部专职,8,08,1
19784023,昌顺达_资金渠道_机构-39,238,昌顺达_资金渠道_机构,1,01,0
19784024,Externality_上海禅融_资金渠道_内部专职1级（终止合作）-04,239,Externality_上海禅融_资金渠道_内部专职1级（终止合作）,8,08,1
19792209,轻盈付_资金渠道_机构-29,240,轻盈付_资金渠道_机构,1,01,0
21307910,金融1号_资金渠道_内部专职（终止合作）-03,241,金融1号_资金渠道_内部专职（终止合作）,8,08,1
21613788,金融1号_资金渠道_外部菁英（终止合作）-03,242,金融1号_资金渠道_外部菁英（终止合作）,8,08,1
21613789,金融1号_资金渠道_外部渠道（终止合作）-03,243,金融1号_资金渠道_外部渠道（终止合作）,8,08,1
21613790,金融1号_资金渠道_普通员工（终止合作）-3,244,金融1号_资金渠道_普通员工（终止合作）,8,08,1
21613791,金融1号_平台_分站客户（撤站）-22,245,金融1号_平台_分站客户（撤站）,2,02,0.1
21613792,粤港贷_资金渠道_外部菁英-05,246,粤港贷_资金渠道_外部菁英,8,08,1
21613793,粤港贷_资金渠道_外部渠道-05,247,粤港贷_资金渠道_外部渠道,8,08,1
21613794,粤港贷_资金渠道_普通员工-05,248,粤港贷_资金渠道_普通员工,8,08,1
21613795,粤港贷_平台_分站客户-01,249,粤港贷_平台_分站客户,2,02,0.1
21618911,弘达北方_大连贷_资金渠道_内部专职（联合泰一）-01,250,弘达北方_大连贷_资金渠道_内部专职（联合泰一）,8,08,1
21618912,第一房贷_上海贷_资金渠道_外部菁英（众利财富-兼职）-01,251,第一房贷_上海贷_资金渠道_外部菁英（众利财富-兼职）,8,08,1
22253300,岱宗会_资金渠道_机构（终止合作）-01,252,岱宗会_资金渠道_机构（终止合作）,1,01,0
22535649,网信金服_资金渠道_机构（一分）-01,253,网信金服_资金渠道_机构（一分）,1,01,0
22535650,网信金服_资金渠道_机构（二分）-01,254,网信金服_资金渠道_机构（二分）,1,01,0
22535651,Externality_四川众行_资金渠道_内部专职3级（终止合作）-01,255,Externality_四川众行_资金渠道_内部专职3级（终止合作）,7,07,0.8
25548577,Externality_上海明瑰_资金渠道_内部专职（终止合作）-05,220,Externality_上海明瑰_资金渠道_内部专职（终止合作）,7,07,0.8
26280023,Externality_天文点_资金渠道_内部专职（终止合作）-04,256,Externality_天文点_资金渠道_内部专职（终止合作）,8,08,1
26280024,Externality_天文点_资金渠道_内部专职（终止合作）-06,256,Externality_天文点_资金渠道_内部专职（终止合作）,5,05,0.5
27135570,昌顺达_资金渠道_普通员工-38,257,昌顺达_资金渠道_普通员工,8,08,1
28112599,渠道运营部_普通资金渠道_外部菁英（一房离职专职）-04,258,渠道运营部_普通资金渠道_外部菁英（一房离职专职）,8,08,1
28121807,第一房贷_上海贷_资金渠道_内部专职（上海贷-专职）-04,259,第一房贷_上海贷_资金渠道_内部专职（上海贷-专职）,8,08,1
28121808,第一房贷_资金渠道_外部渠道（市场推广）-01,260,第一房贷_资金渠道_外部渠道（市场推广）,1,01,0
28777552,网信财富_资金渠道_机构（终止合作）-04,261,网信财富_资金渠道_机构（终止合作）,1,01,0
29423066,网信白泽_资金渠道_外部菁英（大连）-26,262,网信白泽_资金渠道_外部菁英（大连）,1,01,0
30165765,第一房贷_资金渠道_外部菁英（员工发展兼职）-04,263,第一房贷_资金渠道_外部菁英（员工发展兼职）,8,08,1
30178042,网信理财_平台用户_兼职理财师-01,264,网信理财_平台用户_兼职理财师,2,02,0.1
30178043,网信理财_平台用户_兼职理财师-02,264,网信理财_平台用户_兼职理财师,4,04,0.25
30178044,网信理财_平台用户_兼职理财师-03,264,网信理财_平台用户_兼职理财师,5,05,0.5
30178045,网信理财_平台用户_兼职理财师-04,264,网信理财_平台用户_兼职理财师,6,06,0.75
30178046,网信理财_平台用户_兼职理财师-05,264,网信理财_平台用户_兼职理财师,4,04,0.25
30178047,网信理财_平台用户_兼职理财师-06,264,网信理财_平台用户_兼职理财师,5,05,0.5
30178048,网信理财_平台用户_兼职理财师-07,264,网信理财_平台用户_兼职理财师,8,08,1
30197486,山东联合融资担保有限公司_资金渠道_内部专职（终止合作）-04,265,山东联合融资担保有限公司_资金渠道_内部专职（终止合作）,8,08,1
30197487,山东联合融资担保有限公司_资金渠道_外部菁英（终止合作）-05,266,山东联合融资担保有限公司_资金渠道_外部菁英（终止合作）,8,08,1
30202603,山东联合融资担保有限公司_资金渠道_外部渠道（终止合作）-05,267,山东联合融资担保有限公司_资金渠道_外部渠道（终止合作）,8,08,1
31458848,艺金融_资金渠道_外部菁英（离职）-01,268,艺金融_资金渠道_外部菁英（离职）,8,08,1
31458849,第一房贷_上海贷_资金渠道_机构-04,269,第一房贷_上海贷_资金渠道_机构,1,01,0
32783635,网信白泽_开放平台_卓越恒信理财师-01,270,网信白泽_开放平台_卓越恒信理财师,8,08,1
32783636,网信理财_市场活动_CPA_手机腾讯网-01,271,网信理财_市场活动_CPA_手机腾讯网,1,01,0
32783637,网信理财_市场活动_CPC-01,272,网信理财_市场活动_CPC,1,01,0
32791822,网信理财_市场活动_DSP_蓝色光标-01,273,网信理财_市场活动_DSP_蓝色光标,1,01,0
32791823,网信理财_市场活动_DSP-01,274,网信理财_市场活动_DSP,1,01,0
32791824,网信理财_市场活动_O2O-01,275,网信理财_市场活动_O2O,1,01,0
32791825,网信白泽_开放平台_喜试网-01,276,网信白泽_开放平台_喜试网,1,01,0
32791826,网信理财_市场活动_CPT-01,277,网信理财_市场活动_CPT,1,01,0
33204096,上海即富_平台_分站客户-01,278,上海即富_平台_分站客户,1,01,0
34418398,弘达北方_大连贷_资金渠道_外部渠道（通辽）-04,279,弘达北方_大连贷_资金渠道_外部渠道（通辽）,8,08,1
34418399,第一房贷_上海贷_资金渠道_外部渠道（同联地产）-04,280,第一房贷_上海贷_资金渠道_外部渠道（同联地产）,8,08,1
34423516,联合中瑞_资金渠道_外部渠道（康辉平台）（终止合作）-01,282,联合中瑞_资金渠道_外部渠道（康辉平台）（终止合作）,2,02,0.1
34430678,联合中瑞_资金渠道_外部菁英（康辉）（终止合作）-04,283,联合中瑞_资金渠道_外部菁英（康辉）（终止合作）,5,05,0.5
34439886,联合中瑞_资金渠道_普通员工（润歌）（终止合作）-04,284,联合中瑞_资金渠道_普通员工（润歌）（终止合作）,8,08,1
34804075,弘达北方_天津贷_资金渠道_普通员工（天津财富）-04,285,弘达北方_天津贷_资金渠道_普通员工（天津财富）,8,08,1
35500739,弘达财富_资金渠道_机构（用户分配）-04,286,弘达财富_资金渠道_机构（用户分配）,1,01,0
35500740,弘达财富_资金渠道_机构（用户分配）-06,286,弘达财富_资金渠道_机构（用户分配）,5,05,0.5
35500741,Externality_陕西盈聚_资金渠道_内部专职（终止合作）-04,287,Externality_陕西盈聚_资金渠道_内部专职（终止合作）,8,08,1
35500742,Externality_陕西盈聚_资金渠道_内部专职（终止合作）-06,287,Externality_陕西盈聚_资金渠道_内部专职（终止合作）,5,05,0.5
35893575,铛铛_开放平台_CPA+S-29,288,铛铛_开放平台_CPA+S,1,01,0
36632182,Externality_陕西新时光_资金渠道_内部专职（终止合作）-04,289,Externality_陕西新时光_资金渠道_内部专职（终止合作）,8,08,1
36632183,Externality_陕西新时光_资金渠道_内部专职（终止合作）-06,289,Externality_陕西新时光_资金渠道_内部专职（终止合作）,5,05,0.5
37951854,e收贷_资金渠道_机构（终止合作）-04,290,e收贷_资金渠道_机构（终止合作）,1,01,0
40973454,新疆贷_资金渠道_分站客户（撤站）-01,291,新疆贷_资金渠道_分站客户（撤站）,2,02,0.1
40973455,新疆贷_资金渠道_内部专职（终止合作）-04,292,新疆贷_资金渠道_内部专职（终止合作）,8,08,1
40973456,新疆贷_资金渠道_普通员工（终止合作）-04,293,新疆贷_资金渠道_普通员工（终止合作）,8,08,1
40982664,新疆贷_资金渠道_外部菁英（终止合作）-05,294,新疆贷_资金渠道_外部菁英（终止合作）,8,08,1
40982665,新疆贷_资金渠道_外部渠道（终止合作）-05,295,新疆贷_资金渠道_外部渠道（终止合作）,8,08,1
41094173,分站公用_分站客户-01,296,分站公用_分站客户,2,02,0.1
41094174,影视宝_资金渠道_内部专职（终止合作）-04,297,影视宝_资金渠道_内部专职（终止合作）,8,08,1
41094175,影视宝_资金渠道_普通员工（终止合作）-04,298,影视宝_资金渠道_普通员工（终止合作）,8,08,1
41094176,渠道运营部_普通资金渠道_外部菁英-05,299,渠道运营部_普通资金渠道_外部菁英,8,08,1
41094177,特殊兼职理财师组-05,300,特殊兼职理财师组,8,08,1
43837864,财益通_资金渠道_分站客户（哈哈农庄）撤站-25,301,财益通_资金渠道_分站客户（哈哈农庄）撤站,2,02,0.1
43837865,财益通（哈哈农庄）_资金渠道_内部专职-04,302,财益通（哈哈农庄）_资金渠道_内部专职,8,08,1
43838889,财益通（哈哈农庄）_资金渠道_普通员工-04,303,财益通（哈哈农庄）_资金渠道_普通员工,8,08,1
43838890,财益通（哈哈农庄）_资金渠道_外部菁英-05,304,财益通（哈哈农庄）_资金渠道_外部菁英,8,08,1
43838891,财益通（哈哈农庄）_资金渠道_外部渠道（经销商）-05,305,财益通（哈哈农庄）_资金渠道_外部渠道（经销商）,8,08,1
44366760,产融贷（汇源金控）_资金渠道_机构-06,306,产融贷（汇源金控）_资金渠道_机构,1,01,0
45209713,联合中瑞_资金渠道_外部菁英（咖啡组）（终止合作）-04,307,联合中瑞_资金渠道_外部菁英（咖啡组）（终止合作）,8,08,1
45603569,网信理财_市场活动_品牌投放-01,308,网信理财_市场活动_品牌投放,1,01,0
45603570,网信白泽_资金渠道_外部渠道（大连）-26,309,网信白泽_资金渠道_外部渠道（大连）,1,01,0
45676204,网信白泽_资金渠道_外部渠道（天津）-26,310,网信白泽_资金渠道_外部渠道（天津）,1,01,0
45678251,网信白泽_开放平台_CPA+CPS（西安）-3,311,网信白泽_开放平台_CPA+CPS（西安）,8,08,1
45678252,网信白泽_资金渠道_外部渠道（沈阳）-26,312,网信白泽_资金渠道_外部渠道（沈阳）,1,01,0
45678253,网信白泽_资金渠道_外部渠道（宁波）-26,313,网信白泽_资金渠道_外部渠道（宁波）,1,01,0
46989740,Externality_大河科技_资金渠道_内部专职（终止合作）-04,314,Externality_大河科技_资金渠道_内部专职（终止合作）,8,08,1
46989741,Externality_大河科技_资金渠道_内部专职（终止合作）-05,314,Externality_大河科技_资金渠道_内部专职（终止合作）,4,04,0.25
47662876,荣信汇_资金渠道_外部渠道（西安）-04,315,荣信汇_资金渠道_外部渠道（西安）,5,05,0.5
47667992,Externality_百赢投资_资金渠道_内部专职（终止合作）-04,316,Externality_百赢投资_资金渠道_内部专职（终止合作）,8,08,1
47667993,Externality_百赢投资_资金渠道_内部专职（终止合作）-05,316,Externality_百赢投资_资金渠道_内部专职（终止合作）,5,05,0.5
47972848,原始会_资金渠道_普通员工（终止合作）-04,317,原始会_资金渠道_普通员工（终止合作）,8,08,1
47981033,原始会_资金渠道_机构（终止合作）-04,318,原始会_资金渠道_机构（终止合作）,1,01,0
48020931,数据清理_用户信息待核查组-01,319,数据清理_用户信息待核查组,1,01,0
49150324,网信理财_市场活动_品牌合作-01,321,网信理财_市场活动_品牌合作,1,01,0
49833689,Externality_百赢投资_资金渠道_内部专职（终止合作）-06,316,Externality_百赢投资_资金渠道_内部专职（终止合作）,2,02,0.1
50501709,网信雅博_资金渠道_内部专职（终止合作）-04,322,网信雅博_资金渠道_内部专职（终止合作）,8,08,1
50501710,网信雅博_资金渠道_普通员工（终止合作）-04,323,网信雅博_资金渠道_普通员工（终止合作）,8,08,1
50502734,网信雅博_资金渠道_外部渠道（终止合作）-05,324,网信雅博_资金渠道_外部渠道（终止合作）,8,08,1
50502735,网信雅博_资金渠道_外部菁英（终止合作）-05,325,网信雅博_资金渠道_外部菁英（终止合作）,8,08,1
50512966,网信理财_市场活动_CPA-01,326,网信理财_市场活动_CPA,1,01,0
50970248,网信白泽_开放平台_卓越恒信（机构）-26,327,网信白泽_开放平台_卓越恒信（机构）,1,01,0
51751821,岱宗会_资金渠道_外部菁英（终止合作）-06,116,岱宗会_资金渠道_外部菁英（终止合作）,7,07,0.8
52205011,弘达北方_租上租_资金渠道_机构-06,328,弘达北方_租上租_资金渠道_机构,1,01,0
53726213,网信白泽_资金渠道_普通员工（武汉）-02,329,网信白泽_资金渠道_普通员工（武汉）,8,08,1
55104195,典当联盟_资金渠道_机构-06,330,典当联盟_资金渠道_机构,1,01,0
56301106,新疆贷_资金渠道_机构（终止合作）-06,331,新疆贷_资金渠道_机构（终止合作）,1,01,0
58884182,e收贷_资金渠道_外部渠道（成都）（终止合作）-06,120,e收贷_资金渠道_外部渠道（成都）（终止合作）,1,01,0
60418683,网信理财_市场活动_CPA-04,326,网信理财_市场活动_CPA,1,01,0
60419707,网信理财_市场活动_CPC-04,272,网信理财_市场活动_CPC,1,01,0
60428915,网信理财_市场活动_O2O-04,275,网信理财_市场活动_O2O,1,01,0
60429939,网信白泽_开放平台_喜试网-04,276,网信白泽_开放平台_喜试网,1,01,0
61116373,Externality_杭州分润_资金渠道_内部专职（终止合作）-06,332,Externality_杭州分润_资金渠道_内部专职（终止合作）,2,02,0.1
61116374,Externality_杭州分润_资金渠道_内部专职（终止合作）-05,332,Externality_杭州分润_资金渠道_内部专职（终止合作）,5,05,0.5
61158318,悦网金服_资金渠道_外部渠道（李宁直营店O2O）（终止合作）-07,333,悦网金服_资金渠道_外部渠道（李宁直营店O2O）（终止合作）,1,01,0
61158319,网信证券_资金渠道_机构（终止合作）-06,334,网信证券_资金渠道_机构（终止合作）,1,01,0
62404334,Externality_众筹筑屋_资金渠道_内部专职（终止合作）-05,335,Externality_众筹筑屋_资金渠道_内部专职（终止合作）,8,08,1
62619165,网信麒麟_资金渠道_内部专职（终止合作）-05,336,网信麒麟_资金渠道_内部专职（终止合作）,8,08,1
62621212,网信麒麟_资金渠道_普通员工（终止合作）-05,337,网信麒麟_资金渠道_普通员工（终止合作）,8,08,1
62621213,网信麒麟_资金渠道_外部菁英（终止合作）-05,338,网信麒麟_资金渠道_外部菁英（终止合作）,8,08,1
63731169,Externality_四川众行_资金渠道_内部专职4级（终止合作）-8,339,Externality_四川众行_资金渠道_内部专职4级（终止合作）,2,02,0.1
63745492,Externality_众筹筑屋_资金渠道_外部菁英（终止合作）-05,340,Externality_众筹筑屋_资金渠道_外部菁英（终止合作）,8,08,1
66736745,农担-平台-分站用户-27,341,农担-平台-分站用户,1,01,0
66834954,Externality_鑫亿宏元_资金渠道_外部菁英（小辣椒）-05,342,Externality_鑫亿宏元_资金渠道_外部菁英（小辣椒）,8,08,1
66834955,Externality_鑫亿宏元_资金渠道_外部菁英（小辣椒）-08,342,Externality_鑫亿宏元_资金渠道_外部菁英（小辣椒）,3,03,0.2
68676356,联合智信_资金渠道_普通员工（终止合作）-05,343,联合智信_资金渠道_普通员工（终止合作）,8,08,1
68678403,盈华财富_资金渠道_机构（门店）-06,344,盈华财富_资金渠道_机构（门店）,1,01,0
69408826,艺值财富_资金渠道_内部专职-04,345,艺值财富_资金渠道_内部专职,8,08,1
69419057,艺值财富_资金渠道_外部菁英（兼职）-04,346,艺值财富_资金渠道_外部菁英（兼职）,8,08,1
69423150,艺值财富_资金渠道_普通员工-04,347,艺值财富_资金渠道_普通员工,8,08,1
70258942,网信友车_资金渠道_内部专职（终止合作）-04,348,网信友车_资金渠道_内部专职（终止合作）,8,08,1
70258943,网信友车_资金渠道_外部菁英（终止合作）-04,349,网信友车_资金渠道_外部菁英（终止合作）,8,08,1
70258944,网信友车_资金渠道_普通员工（终止合作）-04,350,网信友车_资金渠道_普通员工（终止合作）,8,08,1
70258945,网信友车_资金渠道_外部渠道（终止合作）-04,351,网信友车_资金渠道_外部渠道（终止合作）,8,08,1
70258946,网信友车_资金渠道_机构（终止合作）-04,352,网信友车_资金渠道_机构（终止合作）,1,01,0
70260993,深圳尚峰_资金渠道_内部专职（终止合作）-04,353,深圳尚峰_资金渠道_内部专职（终止合作）,8,08,1
70269178,深圳尚峰_资金渠道_外部菁英（终止合作）-04,354,深圳尚峰_资金渠道_外部菁英（终止合作）,8,08,1
70269179,深圳尚峰_资金渠道_普通员工（终止合作）-04,355,深圳尚峰_资金渠道_普通员工（终止合作）,8,08,1
70270203,深圳尚峰_资金渠道_外部渠道（终止合作）-04,356,深圳尚峰_资金渠道_外部渠道（终止合作）,8,08,1
70271227,拍车365_资金渠道_普通员工（终止合作）-04,357,拍车365_资金渠道_普通员工（终止合作）,8,08,1
70896281,第一房贷_资金渠道_外部渠道（房产中介经纪人)-05,358,第一房贷_资金渠道_外部渠道（房产中介经纪人),8,08,1
70905489,网信白泽_资金渠道_外部渠道（西安）-26,359,网信白泽_资金渠道_外部渠道（西安）,1,01,0
70905490,网信白泽_资金渠道_外部渠道（济南）-26,360,网信白泽_资金渠道_外部渠道（济南）,1,01,0
70905491,网信白泽_资金渠道_外部渠道（南京）-26,361,网信白泽_资金渠道_外部渠道（南京）,1,01,0
70905492,网信白泽_资金渠道_外部渠道（武汉）-26,362,网信白泽_资金渠道_外部渠道（武汉）,1,01,0
70905493,网信白泽_开放平台_CPA+CPS（宁波）-33,363,网信白泽_开放平台_CPA+CPS（宁波）,9,09,1.5
72258923,Externality_桨丰投资_资金渠道_内部专职（终止合作）-08,364,Externality_桨丰投资_资金渠道_内部专职（终止合作）,2,02,0.1
72258924,Externality_桨丰投资_资金渠道_内部专职（终止合作）-03,364,Externality_桨丰投资_资金渠道_内部专职（终止合作）,5,05,0.5
72258925,Externality_桨丰投资_资金渠道_内部专职（终止合作）-05,364,Externality_桨丰投资_资金渠道_内部专职（终止合作）,8,08,1
72758150,易典财富_资金渠道_内部专职（终止合作）-05,365,易典财富_资金渠道_内部专职（终止合作）,8,08,1
72759174,易典财富_资金渠道_普通员工（终止合作）-05,366,易典财富_资金渠道_普通员工（终止合作）,8,08,1
72759175,易典财富_资金渠道_外部菁英（终止合作）-05,367,易典财富_资金渠道_外部菁英（终止合作）,8,08,1
72759176,易典财富_资金渠道_外部菁英（终止合作）-08,367,易典财富_资金渠道_外部菁英（终止合作）,2,02,0.1
72762246,易典财富_资金渠道_外部渠道（终止合作）-05,368,易典财富_资金渠道_外部渠道（终止合作）,8,08,1
72763270,易典财富_资金渠道_外部渠道（终止合作）-08,368,易典财富_资金渠道_外部渠道（终止合作）,2,02,0.1
74199563,联合中瑞_资金渠道_内部专职（基金组）（终止合作）-05,369,联合中瑞_资金渠道_内部专职（基金组）（终止合作）,8,08,1
75555039,财益通_资金渠道_外部渠道（哈哈农庄）-05,370,财益通_资金渠道_外部渠道（哈哈农庄）,8,08,1
76026643,金融1号_资金渠道_机构（终止合作）-27,371,金融1号_资金渠道_机构（终止合作）,1,01,0
80710961,岱宗会_资金渠道_外部渠道（青岛中投）（终止合作）-06,372,岱宗会_资金渠道_外部渠道（青岛中投）（终止合作）,1,01,0
81289980,光大云付_资金渠道_机构（终止合作）-09,373,光大云付_资金渠道_机构（终止合作）,1,01,0
84024461,网信白泽_资金渠道_CPS（大连）-26,374,网信白泽_资金渠道_CPS（大连）,1,01,0
84245430,悦网金服_资金渠道_内部专职（终止合作）-05,375,悦网金服_资金渠道_内部专职（终止合作）,8,08,1
86793724,网信白泽_资金渠道_外部渠道（网推-返利平台）-26,376,网信白泽_资金渠道_外部渠道（网推-返利平台）,1,01,0
86793725,网信白泽_开放平台_CPA+CPS（济南）-3,377,网信白泽_开放平台_CPA+CPS（济南）,8,08,1
86793726,网信白泽_资金渠道_外部渠道（其他城市-存量）-26,378,网信白泽_资金渠道_外部渠道（其他城市-存量）,1,01,0
86794750,网信白泽_开放平台_CPA+CPS（二部）-26,379,网信白泽_开放平台_CPA+CPS（二部）,1,01,0
86794751,网信白泽_开放平台_CPA+CPS（二部2）-26,380,网信白泽_开放平台_CPA+CPS（二部2）,1,01,0
86794752,网信白泽_开放平台_CPA+CPS（大连）-3,381,网信白泽_开放平台_CPA+CPS（大连）,8,08,1
86845903,弘达财富_资金渠道_内部专职（YH）-05,382,弘达财富_资金渠道_内部专职（YH）,8,08,1
86845904,弘达财富_资金渠道_内部专职（LH）-05,383,弘达财富_资金渠道_内部专职（LH）,8,08,1
86845905,弘达财富_资金渠道_内部专职（YZ）-05,384,弘达财富_资金渠道_内部专职（YZ）,8,08,1
86845906,弘达财富_资金渠道_外部菁英（YH）-05,385,弘达财富_资金渠道_外部菁英（YH）,8,08,1
86845907,弘达财富_资金渠道_外部菁英（LH）-05,386,弘达财富_资金渠道_外部菁英（LH）,8,08,1
86845908,弘达财富_资金渠道_外部菁英（拟入职专职）-05,387,弘达财富_资金渠道_外部菁英（拟入职专职）,8,08,1
87459709,网信白泽_资金渠道_普通员工（济南）-02,388,网信白泽_资金渠道_普通员工（济南）,8,08,1
87459710,网信联合_资金渠道_普通员工（总部）-05,389,网信联合_资金渠道_普通员工（总部）,8,08,1
87459711,网信白泽_资金渠道_普通员工（西安）-02,390,网信白泽_资金渠道_普通员工（西安）,8,08,1
87459712,主站_平台_结算户机构-01,391,主站_平台_结算户机构,1,01,0
87460736,主站_平台_企业投资户-27,392,主站_平台_企业投资户,1,01,0
87461760,岱宗会_资金渠道_外部渠道（菏泽）（终止合作）-06,393,岱宗会_资金渠道_外部渠道（菏泽）（终止合作）,1,01,0
88617751,Externality_东方联合（外部）_资金渠道_外部菁英-10,394,Externality_东方联合（外部）_资金渠道_外部菁英,6,06,0.75
88617752,Externality_东方联合（外部）_资金渠道_外部菁英-11,394,Externality_东方联合（外部）_资金渠道_外部菁英,2,02,0.1
88618776,Externality_东方联合（外部）_资金渠道_外部菁英-12,394,Externality_东方联合（外部）_资金渠道_外部菁英,3,03,0.2
88629007,Externality_东方联合（外部）_资金渠道_外部菁英-13,394,Externality_东方联合（外部）_资金渠道_外部菁英,5,05,0.5
88629008,Externality_东方联合（外部）_资金渠道_外部菁英-14,394,Externality_东方联合（外部）_资金渠道_外部菁英,7,07,0.8
88629009,Externality_东方联合（外部）_资金渠道_外部菁英-15,394,Externality_东方联合（外部）_资金渠道_外部菁英,8,08,1
89544595,悦网金服_资金渠道_机构（终止合作）-06,395,悦网金服_资金渠道_机构（终止合作）,1,01,0
90955313,粤港贷_资金渠道_机构-06,396,粤港贷_资金渠道_机构,1,01,0
90955314,第一房贷_资金渠道_机构-06,397,第一房贷_资金渠道_机构,1,01,0
91396228,产融贷(产融北分)_资金渠道_普通员工(悦网金服)（终止合作）-05,398,产融贷(产融北分)_资金渠道_普通员工(悦网金服)（终止合作）,8,08,1
93018707,悦网金服_资金渠道_外部菁英（李宁经销商）（终止合作）-06,399,悦网金服_资金渠道_外部菁英（李宁经销商）（终止合作）,1,01,0
94072398,网信白泽_开放平台_卓越恒信（无返利）-27,400,网信白泽_开放平台_卓越恒信（无返利）,1,01,0
94074445,网信白泽_资金渠道_普通员工（宁波）-02,401,网信白泽_资金渠道_普通员工（宁波）,8,08,1
94074446,网信白泽_资金渠道_普通员工（大连）-02,402,网信白泽_资金渠道_普通员工（大连）,8,08,1
94755553,财益通_资金渠道_外部渠道（门店）-05,403,财益通_资金渠道_外部渠道（门店）,8,08,1
95245571,网信白泽_资金渠道_推广活动-26,404,网信白泽_资金渠道_推广活动,1,01,0
97955499,艺值财富_资金渠道_外部菁英（离职）-08,405,艺值财富_资金渠道_外部菁英（离职）,8,08,1
97955500,艺值财富_资金渠道_外部渠道-05,406,艺值财富_资金渠道_外部渠道,8,08,1
102030110,顶尖云_资金渠道_机构（终止合作）-07,407,顶尖云_资金渠道_机构（终止合作）,1,01,0
102030111,顶尖云_资金渠道_普通员工（终止合作）-06,408,顶尖云_资金渠道_普通员工（终止合作）,8,08,1
102030112,顶尖云_资金渠道_外部渠道（鹰潭）（终止合作）-05,409,顶尖云_资金渠道_外部渠道（鹰潭）（终止合作）,8,08,1
103223954,网信联合_资金渠道_普通员工（北京）-05,410,网信联合_资金渠道_普通员工（北京）,8,08,1
103233162,网信联合_资金渠道_普通员工（上海）-05,411,网信联合_资金渠道_普通员工（上海）,8,08,1
103233163,网信联合_资金渠道_普通员工（青岛）-05,412,网信联合_资金渠道_普通员工（青岛）,8,08,1
103233164,网信联合_资金渠道_普通员工（广州）-05,413,网信联合_资金渠道_普通员工（广州）,8,08,1
103233165,网信白泽_资金渠道_普通员工（沈阳）-02,414,网信白泽_资金渠道_普通员工（沈阳）,8,08,1
103248511,网信联合_资金渠道_内部专职（北京）-05,415,网信联合_资金渠道_内部专职（北京）,8,08,1
103261811,网信联合_资金渠道_内部专职（上海）-05,416,网信联合_资金渠道_内部专职（上海）,8,08,1
103262835,网信联合_资金渠道_内部专职（青岛）-05,417,网信联合_资金渠道_内部专职（青岛）,8,08,1
103262836,网信联合_资金渠道_内部专职（广州）-05,418,网信联合_资金渠道_内部专职（广州）,8,08,1
103262837,网信白泽_开放平台_CPA+CPS（武汉）-3,419,网信白泽_开放平台_CPA+CPS（武汉）,8,08,1
103262838,Externality_东方联合（外部）_资金渠道_外部菁英（企业投资）-01,420,Externality_东方联合（外部）_资金渠道_外部菁英（企业投资）,1,01,0
109618544,产融贷（汇源金控）资金渠道_外部菁英（JK888)-11,421,产融贷（汇源金控）资金渠道_外部菁英（JK888),1,01,0
109744374,网信白泽_资金渠道_普通员工-2,422,网信白泽_资金渠道_普通员工,8,08,1
113038436,岱宗会_资金渠道_外部渠道（菏泽）（终止合作）-12,393,岱宗会_资金渠道_外部渠道（菏泽）（终止合作）,7,07,0.8
113081403,联合财富_资金渠道_机构（僵尸户）-06,424,联合财富_资金渠道_机构（僵尸户）,1,01,0
115758595,网信理财_平台用户_特殊用户-1,425,网信理财_平台用户_特殊用户,2,02,0.1
117687974,悦网金服_资金渠道_外部菁英_（李宁员工）（终止合作）-4,426,悦网金服_资金渠道_外部菁英_（李宁员工）（终止合作）,8,08,1
122512443,盈华财富_资金渠道_机构（僵尸户）-4,427,盈华财富_资金渠道_机构（僵尸户）,1,01,0
122512444,弘达财富_资金渠道_机构（僵尸户）-4,428,弘达财富_资金渠道_机构（僵尸户）,1,01,0
124578905,悦网金服_资金渠道_外部渠道（李宁自营店_北京）（终止合作）-06,429,悦网金服_资金渠道_外部渠道（李宁自营店_北京）（终止合作）,1,01,0
127988566,Externality_小辣椒_资金渠道_普通员工（终止合作）-04,431,Externality_小辣椒_资金渠道_普通员工（终止合作）,2,02,0.1
127988567,Externality_小辣椒_资金渠道_普通员工（终止合作）-05,431,Externality_小辣椒_资金渠道_普通员工（终止合作）,5,05,0.5
127988568,Externality_小辣椒_资金渠道_普通员工（终止合作）-06,431,Externality_小辣椒_资金渠道_普通员工（终止合作）,8,08,1
127988569,Externality_小辣椒_资金渠道_内部专职（终止合作）-04,432,Externality_小辣椒_资金渠道_内部专职（终止合作）,2,02,0.1
127988570,Externality_小辣椒_资金渠道_内部专职（终止合作）-05,432,Externality_小辣椒_资金渠道_内部专职（终止合作）,5,05,0.5
127988571,Externality_小辣椒_资金渠道_内部专职（终止合作）-06,432,Externality_小辣椒_资金渠道_内部专职（终止合作）,8,08,1
128093941,网信白泽_资金渠道_外部菁英（天津）-26,433,网信白泽_资金渠道_外部菁英（天津）,1,01,0
128093942,网信白泽_开放平台_CPA+CPS（沈阳）-7,434,网信白泽_开放平台_CPA+CPS（沈阳）,1,01,0
132511257,网信白泽_资金渠道_外部渠道（网推）-26,435,网信白泽_资金渠道_外部渠道（网推）,1,01,0
135594580,联合财富_资金渠道_内部专职（金服）-5,436,联合财富_资金渠道_内部专职（金服）,8,08,1
136478453,网信金服_资金渠道_普通员工（一分）-15,437,网信金服_资金渠道_普通员工（一分）,8,08,1
136478454,网信金服_资金渠道_机构（金服）-16,438,网信金服_资金渠道_机构（金服）,1,01,0
137017576,上海赫熠_资金渠道_普通员工（终止合作）-05,439,上海赫熠_资金渠道_普通员工（终止合作）,8,08,1
141180164,主站_平台_信分期借款人-16,440,主站_平台_信分期借款人,1,01,0
141875805,网信白泽_市场活动_网推（返利平台-存量）-26,441,网信白泽_市场活动_网推（返利平台-存量）,1,01,0
141875806,网信白泽_市场活动_网推（网推-存量）-26,442,网信白泽_市场活动_网推（网推-存量）,1,01,0
141875807,粤港贷_资金渠道_机构（无返利）-16,443,粤港贷_资金渠道_机构（无返利）,1,01,0
141875808,网信金服_资金渠道_普通员工（二分）-2,444,网信金服_资金渠道_普通员工（二分）,8,08,1
141875809,网信白泽_开放平台_正堂方略（推荐合作机构）-28,445,网信白泽_开放平台_正堂方略（推荐合作机构）,1,01,0
141875810,网信白泽_开放平台_正堂方略-28,446,网信白泽_开放平台_正堂方略,1,01,0
141875811,网信_资金渠道_普通员工（VIP顾问）-3,447,网信_资金渠道_普通员工（VIP顾问）,8,08,1
141875812,网信理财_平台用户_众利财富邀请码户-27,448,网信理财_平台用户_众利财富邀请码户,1,01,0
146251184,网信理财_市场渠道_O2O（客服码）-16,449,网信理财_市场渠道_O2O（客服码）,1,01,0
147125850,网信金服_资金渠道_普通员工（金服）-15,450,网信金服_资金渠道_普通员工（金服）,8,08,1
147125851,网信金服_资金渠道_外部菁英-15,451,网信金服_资金渠道_外部菁英,8,08,1
156972227,网信白泽_资金渠道_商户邀请人-26,452,网信白泽_资金渠道_商户邀请人,1,01,0
157266852,网信白泽_开放平台_CPA-16,453,网信白泽_开放平台_CPA,8,08,1
158827951,联合财富_资金渠道_普通员工（金服）-2,454,联合财富_资金渠道_普通员工（金服）,8,08,1
160816664,第一房贷_天津_资金渠道_普通员工（后台员工）-2,455,第一房贷_天津_资金渠道_普通员工（后台员工）,8,08,1
160816665,第一房贷_天津_资金渠道_外部菁英（兼职）-2,456,第一房贷_天津_资金渠道_外部菁英（兼职）,8,08,1
160816666,第一房贷_天津_资金渠道_内部专职（财富团队）-2,457,第一房贷_天津_资金渠道_内部专职（财富团队）,8,08,1
161227913,网信白泽_开放平台_平台用户-27,458,网信白泽_开放平台_平台用户,1,01,0
161237121,网信白泽_开放平台_CPS-1,459,网信白泽_开放平台_CPS,10,10,2
161244283,网信白泽_春雨_开放平台_医生-27,460,网信白泽_春雨_开放平台_医生,1,01,0
161249399,网信白泽_春雨_开放平台_患者-27,461,网信白泽_春雨_开放平台_患者,1,01,0
161249400,网信白泽_开放平台_CPA+CPS-1,462,网信白泽_开放平台_CPA+CPS,10,10,2
162893362,网信白泽_开放平台_CPA+CPS-27,462,网信白泽_开放平台_CPA+CPS,1,01,0
166452380,网信理财_平台用户_掌众邀请码户-27,463,网信理财_平台用户_掌众邀请码户,1,01,0
173555070,网信联合_资金渠道_内部专职（长春）-4,464,网信联合_资金渠道_内部专职（长春）,8,08,1
173555071,网信联合_资金渠道_普通员工（长春）-4,465,网信联合_资金渠道_普通员工（长春）,8,08,1
180599450,网信白泽_资金渠道_外部渠道（商户2）-11,466,网信白泽_资金渠道_外部渠道（商户2）,5,05,0.5
186304722,网信白泽_资金渠道_外部菁英-2,467,网信白泽_资金渠道_外部菁英,8,08,1
190401838,汉美财富_资金渠道_普通员工（终止合作）-2,468,汉美财富_资金渠道_普通员工（终止合作）,8,08,1
190832522,网信白泽_开放平台_CPA+CPS-33,462,网信白泽_开放平台_CPA+CPS,9,09,1.5
194905086,网信白泽_开放平台_CPA-27,453,网信白泽_开放平台_CPA,1,01,0
195836017,渠道运营部_普通资金渠道_外部菁英（调整）-22,469,渠道运营部_普通资金渠道_外部菁英（调整）,2,02,0.1
199845155,汉美财富_资金渠道_外部渠道（终止合作）-2,470,汉美财富_资金渠道_外部渠道（终止合作）,8,08,1
199855386,汉美财富_资金渠道_机构（终止合作）-26,471,汉美财富_资金渠道_机构（终止合作）,1,01,0
200218552,网信白泽_开放平台_卓越恒信-27,472,网信白泽_开放平台_卓越恒信,1,01,0
204181655,网信白泽_开放平台_外部渠道（一部-存量）-1,430,网信白泽_开放平台_外部渠道（一部-存量）,10,10,2
204181656,网信白泽_开放平台_外部渠道（一部-存量）-3,430,网信白泽_开放平台_外部渠道（一部-存量）,8,08,1
204181657,网信白泽_开放平台_外部渠道（一部-存量）-33,430,网信白泽_开放平台_外部渠道（一部-存量）,9,09,1.5
206737112,产融贷（汇源金控）_资金渠道_外部渠道（爱本地-威海）-26,473,产融贷（汇源金控）_资金渠道_外部渠道（爱本地-威海）,1,01,0
208463937,网信理财_平台用户_特殊用户-16,425,网信理财_平台用户_特殊用户,4,04,0.25
208463938,网信理财_平台用户_特殊用户-3,425,网信理财_平台用户_特殊用户,8,08,1
209054210,网信理财_平台用户_特殊用户-27,425,网信理财_平台用户_特殊用户,1,01,0
209654712,网信白泽_开放平台_CPA+CPS（沈阳）-33,434,网信白泽_开放平台_CPA+CPS（沈阳）,9,09,1.5
209654713,网信白泽_开放平台_CPA+CPS（沈阳）-3,434,网信白泽_开放平台_CPA+CPS（沈阳）,8,08,1
209656760,网信白泽_开放平台_CPA+CPS（沈阳）-11,434,网信白泽_开放平台_CPA+CPS（沈阳）,5,05,0.5
209656761,网信白泽_开放平台_CPA+CPS（沈阳）-2,434,网信白泽_开放平台_CPA+CPS（沈阳）,8,08,1
210511990,网信白泽_资金渠道_外部渠道（大连）-11,309,网信白泽_资金渠道_外部渠道（大连）,5,05,0.5
210511991,网信白泽_资金渠道_外部渠道（大连）-2,309,网信白泽_资金渠道_外部渠道（大连）,8,08,1
210511992,网信白泽_资金渠道_外部渠道（宁波）-11,313,网信白泽_资金渠道_外部渠道（宁波）,5,05,0.5
210515062,网信白泽_资金渠道_外部渠道（宁波）-2,313,网信白泽_资金渠道_外部渠道（宁波）,8,08,1
210517109,网信白泽_资金渠道_外部渠道（天津）-11,310,网信白泽_资金渠道_外部渠道（天津）,5,05,0.5
210517110,网信白泽_资金渠道_外部渠道（天津）-2,310,网信白泽_资金渠道_外部渠道（天津）,8,08,1
210520180,网信白泽_资金渠道_外部渠道（沈阳）-11,312,网信白泽_资金渠道_外部渠道（沈阳）,5,05,0.5
210520181,网信白泽_资金渠道_外部渠道（沈阳）-2,312,网信白泽_资金渠道_外部渠道（沈阳）,8,08,1
210521205,网信白泽_资金渠道_外部渠道（济南）-11,360,网信白泽_资金渠道_外部渠道（济南）,5,05,0.5
210521206,网信白泽_资金渠道_外部渠道（济南）-2,360,网信白泽_资金渠道_外部渠道（济南）,8,08,1
210521207,网信白泽_资金渠道_外部渠道（西安）-11,359,网信白泽_资金渠道_外部渠道（西安）,5,05,0.5
210521208,网信白泽_资金渠道_外部渠道（西安）-2,359,网信白泽_资金渠道_外部渠道（西安）,8,08,1
210521209,网信白泽_资金渠道_外部渠道（武汉）-11,362,网信白泽_资金渠道_外部渠道（武汉）,5,05,0.5
210522233,网信白泽_资金渠道_外部渠道（武汉）-2,362,网信白泽_资金渠道_外部渠道（武汉）,8,08,1
211603545,弘达财富_资金渠道_外部菁英（上海毅恭）-29,474,弘达财富_资金渠道_外部菁英（上海毅恭）,1,01,0
212661328,网信白泽_资金渠道_外部渠道（网推）-11,435,网信白泽_资金渠道_外部渠道（网推）,5,05,0.5
212661329,网信白泽_资金渠道_外部渠道（网推）-2,435,网信白泽_资金渠道_外部渠道（网推）,8,08,1
225194104,网信白泽_开放平台_CPA+CPS-3,462,网信白泽_开放平台_CPA+CPS,8,08,1
230453348,网信白泽_资金渠道_外部菁英-23,467,网信白泽_资金渠道_外部菁英,2,02,0.1
230453349,网信白泽_资金渠道_外部菁英-26,467,网信白泽_资金渠道_外部菁英,1,01,0
230453350,网信白泽_资金渠道_外部菁英-11,467,网信白泽_资金渠道_外部菁英,5,05,0.5
230453351,网信白泽_资金渠道_外部渠道（大连）-23,309,网信白泽_资金渠道_外部渠道（大连）,2,02,0.1
230455398,网信白泽_资金渠道_外部渠道（天津）-23,310,网信白泽_资金渠道_外部渠道（天津）,2,02,0.1
230460514,网信白泽_资金渠道_外部渠道（沈阳）-23,312,网信白泽_资金渠道_外部渠道（沈阳）,2,02,0.1
230464607,网信白泽_资金渠道_外部渠道（宁波）-23,313,网信白泽_资金渠道_外部渠道（宁波）,2,02,0.1
230465631,网信白泽_资金渠道_外部渠道（西安）-23,359,网信白泽_资金渠道_外部渠道（西安）,2,02,0.1
230466655,网信白泽_资金渠道_外部渠道（济南）-23,360,网信白泽_资金渠道_外部渠道（济南）,2,02,0.1
230468702,网信白泽_资金渠道_外部渠道（武汉）-23,362,网信白泽_资金渠道_外部渠道（武汉）,2,02,0.1
230476887,网信白泽_资金渠道_外部渠道（网推）-23,435,网信白泽_资金渠道_外部渠道（网推）,2,02,0.1
230477911,网信白泽_开放平台_CPA+CPS（大连）-33,381,网信白泽_开放平台_CPA+CPS（大连）,9,09,1.5
230478935,网信白泽_开放平台_CPA+CPS（大连）-11,381,网信白泽_开放平台_CPA+CPS（大连）,5,05,0.5
230479959,网信白泽_开放平台_CPA+CPS（大连）-2,381,网信白泽_开放平台_CPA+CPS（大连）,8,08,1
230480983,网信白泽_开放平台_CPA+CPS（二部2）-23,380,网信白泽_开放平台_CPA+CPS（二部2）,2,02,0.1
230483030,网信白泽_开放平台_CPA+CPS（二部2）-11,380,网信白泽_开放平台_CPA+CPS（二部2）,5,05,0.5
230483031,网信白泽_开放平台_CPA+CPS（二部2）-2,380,网信白泽_开放平台_CPA+CPS（二部2）,8,08,1
231055912,弘达财富_资金渠道_机构 -26,475,弘达财富_资金渠道_机构 ,1,01,0
231346445,网信白泽_开放平台_卓越恒信-26,472,网信白泽_开放平台_卓越恒信,1,01,0
233187846,网信白泽_开放平台_CPA+CPS（宁波）-3,363,网信白泽_开放平台_CPA+CPS（宁波）,8,08,1
233579688,盈华财富_资金渠道_外部菁英（拟入职专职）-01,172,盈华财富_资金渠道_外部菁英（拟入职专职）,8,08,1
235027234,网信白泽_开放平台_卓越恒信理财师-26,270,网信白泽_开放平台_卓越恒信理财师,1,01,0
236316215,网信白泽_开放平台_CPA+CPS（二部）-23,379,网信白泽_开放平台_CPA+CPS（二部）,2,02,0.1
236316216,网信白泽_开放平台_CPA+CPS（二部）-11,379,网信白泽_开放平台_CPA+CPS（二部）,5,05,0.5
236316217,网信白泽_开放平台_CPA+CPS（二部）-2,379,网信白泽_开放平台_CPA+CPS（二部）,8,08,1
238418483,-,无,无,1,01,0
238428714,财益通（哈哈农庄）_资金渠道_机构-26,111,财益通（哈哈农庄）_资金渠道_机构,1,01,0
238681396,网信理财_平台用户_大树网络邀请码户-27,476,网信理财_平台用户_大树网络邀请码户,1,01,0
238697765,网信白泽_资金渠道_外部菁英（大连）-23,262,网信白泽_资金渠道_外部菁英（大连）,2,02,0.1
238697766,网信白泽_资金渠道_外部菁英（大连）-2,262,网信白泽_资金渠道_外部菁英（大连）,8,08,1
238698790,网信白泽_资金渠道_外部菁英（大连）-11,262,网信白泽_资金渠道_外部菁英（大连）,5,05,0.5
238779608,网信白泽_资金渠道_外部菁英（天津）-11,433,网信白泽_资金渠道_外部菁英（天津）,5,05,0.5
238794954,网信白泽_资金渠道_外部菁英（天津）-2,433,网信白泽_资金渠道_外部菁英（天津）,8,08,1
238804162,网信白泽_资金渠道_外部菁英（天津）-23,433,网信白泽_资金渠道_外部菁英（天津）,2,02,0.1
238814393,网信白泽_资金渠道_外部菁英（宁波）-11,101,网信白泽_资金渠道_外部菁英（宁波）,5,05,0.5
238821555,网信白泽_资金渠道_外部菁英（宁波）-23,101,网信白泽_资金渠道_外部菁英（宁波）,2,02,0.1
238826671,网信白泽_资金渠道_外部菁英（宁波）-26,101,网信白泽_资金渠道_外部菁英（宁波）,1,01,0
238831787,网信白泽_资金渠道_外部菁英（济南）-23,15,网信白泽_资金渠道_外部菁英（济南）,2,02,0.1
238842018,网信白泽_资金渠道_外部菁英（武汉）-11,7,网信白泽_资金渠道_外部菁英（武汉）,5,05,0.5
238842019,网信白泽_资金渠道_外部菁英（武汉）-2,7,网信白泽_资金渠道_外部菁英（武汉）,8,08,1
238842020,网信白泽_资金渠道_外部菁英（武汉）-26,7,网信白泽_资金渠道_外部菁英（武汉）,1,01,0
238843044,网信白泽_资金渠道_外部菁英（西安）-11,68,网信白泽_资金渠道_外部菁英（西安）,5,05,0.5
238843045,网信白泽_资金渠道_外部菁英（西安）-23,68,网信白泽_资金渠道_外部菁英（西安）,2,02,0.1
238844069,网信白泽_资金渠道_外部菁英（西安）-26,68,网信白泽_资金渠道_外部菁英（西安）,1,01,0
241650159,网信白泽_开放平台_卓越恒信（推荐CPA机构）-27,477,网信白泽_开放平台_卓越恒信（推荐CPA机构）,1,01,0
243351409,网信理财_平台用户_悠融资产邀请码户-27,478,网信理财_平台用户_悠融资产邀请码户,1,01,0
246972830,网信白泽_开放平台_卓越恒信-2,472,网信白泽_开放平台_卓越恒信,8,08,1
250109350,盈华财富_资金渠道_普通员工（移民公司）-2,479,盈华财富_资金渠道_普通员工（移民公司）,8,08,1
252796772,网信白泽_资金渠道_外部渠道（网推-返利平台）-23,376,网信白泽_资金渠道_外部渠道（网推-返利平台）,2,02,0.1
252797796,网信白泽_资金渠道_外部渠道（网推-返利平台）-11,376,网信白泽_资金渠道_外部渠道（网推-返利平台）,5,05,0.5
252797797,网信白泽_资金渠道_外部渠道（网推-返利平台）-2,376,网信白泽_资金渠道_外部渠道（网推-返利平台）,8,08,1
263166926,渠道运营部_普通资金渠道_外部菁英（拟入职）-22,17,渠道运营部_普通资金渠道_外部菁英（拟入职）,2,02,0.1
263893257,渠道运营部_普通资金渠道_外部菁英-27,299,渠道运营部_普通资金渠道_外部菁英,1,01,0
265802176,网信白泽_资金渠道_外部渠道（其他城市-存量）-11,378,网信白泽_资金渠道_外部渠道（其他城市-存量）,5,05,0.5
265802177,网信白泽_资金渠道_外部渠道（其他城市-存量）-23,378,网信白泽_资金渠道_外部渠道（其他城市-存量）,2,02,0.1
265809339,网信白泽_资金渠道_外部渠道（其他城市-存量）-02,378,网信白泽_资金渠道_外部渠道（其他城市-存量）,8,08,1
265809340,网信白泽_市场活动_网推（返利平台-存量）-11,441,网信白泽_市场活动_网推（返利平台-存量）,5,05,0.5
265809341,网信白泽_市场活动_网推（返利平台-存量）-23,441,网信白泽_市场活动_网推（返利平台-存量）,2,02,0.1
265815480,网信白泽_市场活动_网推（返利平台-存量）-2,441,网信白泽_市场活动_网推（返利平台-存量）,8,08,1
265819573,网信白泽_市场活动_网推（网推-存量）-11,442,网信白泽_市场活动_网推（网推-存量）,5,05,0.5
265819574,网信白泽_市场活动_网推（网推-存量）-23,442,网信白泽_市场活动_网推（网推-存量）,2,02,0.1
265820598,网信白泽_市场活动_网推（网推-存量）-02,442,网信白泽_市场活动_网推（网推-存量）,8,08,1
265841059,网信白泽_资金渠道_商户邀请人-27,452,网信白泽_资金渠道_商户邀请人,1,01,0
268944842,粤港贷_资金渠道_机构-27,396,粤港贷_资金渠道_机构,1,01,0
270862968,网信白泽_开放平台_CPS（二部）-33,180,网信白泽_开放平台_CPS（二部）,9,09,1.5
270862969,网信白泽_开放平台_CPS（二部）-1,180,网信白泽_开放平台_CPS（二部）,10,10,2
270862970,网信白泽_开放平台_CPS（二部）-27,180,网信白泽_开放平台_CPS（二部）,1,01,0
270909006,网信白泽_开放平台_外部渠道（一部-存量）-22,430,网信白泽_开放平台_外部渠道（一部-存量）,2,02,0.1
271431760,网信白泽_开放平台_CPA+CPS（西安）-33,311,网信白泽_开放平台_CPA+CPS（西安）,9,09,1.5
271431761,网信白泽_开放平台_CPA+CPS（济南）-33,377,网信白泽_开放平台_CPA+CPS（济南）,9,09,1.5
271431762,网信白泽_开放平台_CPA+CPS（武汉）-33,419,网信白泽_开放平台_CPA+CPS（武汉）,9,09,1.5
273378532,网信白泽_开放平台_CPS-3,459,网信白泽_开放平台_CPS,8,08,1
273382625,网信白泽_开放平台_CPS-33,459,网信白泽_开放平台_CPS,9,09,1.5
278277681,盈华财富_资金渠道_机构（用户分配）-29,480,盈华财富_资金渠道_机构（用户分配）,1,01,0
278284843,联合财富_资金渠道_机构（用户分配）-29,481,联合财富_资金渠道_机构（用户分配）,1,01,0
